-- MySQL dump 10.19  Distrib 10.3.31-MariaDB, for debian-linux-gnu (x86_64)
--
-- Host: localhost    Database: ussd_db
-- ------------------------------------------------------
-- Server version	10.3.31-MariaDB-0+deb10u1

/*!40101 SET @OLD_CHARACTER_SET_CLIENT=@@CHARACTER_SET_CLIENT */;
/*!40101 SET @OLD_CHARACTER_SET_RESULTS=@@CHARACTER_SET_RESULTS */;
/*!40101 SET @OLD_COLLATION_CONNECTION=@@COLLATION_CONNECTION */;
/*!40101 SET NAMES utf8mb4 */;
/*!40103 SET @OLD_TIME_ZONE=@@TIME_ZONE */;
/*!40103 SET TIME_ZONE='+00:00' */;
/*!40014 SET @OLD_UNIQUE_CHECKS=@@UNIQUE_CHECKS, UNIQUE_CHECKS=0 */;
/*!40014 SET @OLD_FOREIGN_KEY_CHECKS=@@FOREIGN_KEY_CHECKS, FOREIGN_KEY_CHECKS=0 */;
/*!40101 SET @OLD_SQL_MODE=@@SQL_MODE, SQL_MODE='NO_AUTO_VALUE_ON_ZERO' */;
/*!40111 SET @OLD_SQL_NOTES=@@SQL_NOTES, SQL_NOTES=0 */;

--
-- Table structure for table `addresses`
--

DROP TABLE IF EXISTS `addresses`;
/*!40101 SET @saved_cs_client     = @@character_set_client */;
/*!40101 SET character_set_client = utf8 */;
CREATE TABLE `addresses` (
  `address_id` int(11) NOT NULL AUTO_INCREMENT,
  `postal_address` varchar(250) DEFAULT NULL,
  `postal_code` varchar(50) DEFAULT NULL,
  `creation_date` date DEFAULT NULL,
  `updated_date` datetime DEFAULT NULL,
  `city` varchar(45) DEFAULT NULL,
  `company_id` int(11) NOT NULL,
  `country_id` int(11) NOT NULL,
  `company_token` varchar(105) DEFAULT NULL,
  `application_uuid` varchar(105) DEFAULT NULL,
  `data_version` varchar(105) DEFAULT NULL,
  PRIMARY KEY (`address_id`),
  KEY `fk_addresses_companies1_idx` (`company_id`),
  KEY `fk_addresses_countries1_idx` (`country_id`),
  CONSTRAINT `fk_addresses_companies1` FOREIGN KEY (`company_id`) REFERENCES `companies` (`company_id`),
  CONSTRAINT `fk_addresses_countries1` FOREIGN KEY (`country_id`) REFERENCES `countries` (`country_id`)
) ENGINE=InnoDB AUTO_INCREMENT=7 DEFAULT CHARSET=utf8;
/*!40101 SET character_set_client = @saved_cs_client */;

--
-- Dumping data for table `addresses`
--

LOCK TABLES `addresses` WRITE;
/*!40000 ALTER TABLE `addresses` DISABLE KEYS */;
INSERT INTO `addresses` VALUES (1,'Avenue Steinmetz','00229','2021-07-08',NULL,'Cotonou',1,1,'TEST08072021','041750ce-e473-462c-af82-99567dc25b4b','1'),(2,'Rue de l\'Echangeur de Godomey','00229','2021-08-21',NULL,'Godomey',2,1,'DKO',NULL,'1'),(3,'Avenue Steinmetz','00229','2021-09-22',NULL,'Cotonou',3,1,NULL,NULL,'1'),(4,'rue des cheminots','75008','2021-09-28',NULL,'Seville',4,2,NULL,NULL,'1'),(5,'473 Mundet Place','07205','2021-10-06',NULL,'Hillside',5,1,NULL,NULL,'1'),(6,'avenue du stade de l\'amitié','00229','2021-10-07',NULL,'Cotonou',6,1,NULL,NULL,'1');
/*!40000 ALTER TABLE `addresses` ENABLE KEYS */;
UNLOCK TABLES;

--
-- Table structure for table `categories`
--

DROP TABLE IF EXISTS `categories`;
/*!40101 SET @saved_cs_client     = @@character_set_client */;
/*!40101 SET character_set_client = utf8 */;
CREATE TABLE `categories` (
  `category_id` int(11) NOT NULL AUTO_INCREMENT,
  `libelle` varchar(200) DEFAULT NULL,
  `creation_date` datetime DEFAULT NULL,
  `type_category` int(11) DEFAULT NULL,
  `type_category_libelle` varchar(250) DEFAULT NULL,
  `data_version` int(11) DEFAULT NULL,
  PRIMARY KEY (`category_id`)
) ENGINE=InnoDB AUTO_INCREMENT=11 DEFAULT CHARSET=utf8;
/*!40101 SET character_set_client = @saved_cs_client */;

--
-- Dumping data for table `categories`
--

LOCK TABLES `categories` WRITE;
/*!40000 ALTER TABLE `categories` DISABLE KEYS */;
INSERT INTO `categories` VALUES (1,'CREDIT','2021-07-08 12:30:47',1,'SERVICES TELEPHONIQUES',1),(2,'FORFAIT MAXI APPEL','2021-07-08 12:30:47',1,'SERVICES TELEPHONIQUES',1),(3,'DEPOT','2021-07-08 12:30:47',2,'SERVICES FINANCIERS',1),(4,'SOLDE TELEPHONIQUE','2021-07-16 10:52:50',1,'SERVICES TELEPHONIQUES',1),(5,'SOLDE SIM','2021-07-16 10:52:50',2,'SERVICES FINANCIERS',1),(6,'RETRAIT','2021-07-21 08:54:58',2,'SERVICES FINANCIERS',1),(7,'FORFAIT MAXI INTERNET','2021-08-02 15:55:03',1,'SERVICES TELEPHONIQUES',1),(8,'FORFAIT INTERNET','2021-08-02 15:55:03',1,'SERVICES TELEPHONIQUES',1),(9,'PASS BONUS APPEL','2021-08-26 10:19:32',1,'SERVICES TELEPHONIQUES',3),(10,'PASS BONUS INTERNET','2021-08-26 10:19:32',1,'SERVICES TELEPHONIQUES',3);
/*!40000 ALTER TABLE `categories` ENABLE KEYS */;
UNLOCK TABLES;

--
-- Table structure for table `category_ussd`
--

DROP TABLE IF EXISTS `category_ussd`;
/*!40101 SET @saved_cs_client     = @@character_set_client */;
/*!40101 SET character_set_client = utf8 */;
CREATE TABLE `category_ussd` (
  `category_ussd_id` int(11) NOT NULL AUTO_INCREMENT,
  `ussd_code` varchar(150) DEFAULT NULL,
  `category_id` int(11) NOT NULL,
  `operation_type_id` int(11) NOT NULL,
  `company_token` varchar(105) DEFAULT NULL,
  `application_uuid` varchar(105) DEFAULT NULL,
  `data_version` varchar(105) DEFAULT NULL,
  `network_operator_number` int(11) DEFAULT NULL,
  `network_operator_name` varchar(250) DEFAULT NULL,
  PRIMARY KEY (`category_ussd_id`),
  KEY `fk_category_ussd_categories1_idx` (`category_id`),
  KEY `fk_category_ussd_operation_types1_idx` (`operation_type_id`),
  CONSTRAINT `fk_category_ussd_categories1` FOREIGN KEY (`category_id`) REFERENCES `categories` (`category_id`),
  CONSTRAINT `fk_category_ussd_operation_types1` FOREIGN KEY (`operation_type_id`) REFERENCES `operation_types` (`operation_type_id`)
) ENGINE=InnoDB AUTO_INCREMENT=14 DEFAULT CHARSET=utf8;
/*!40101 SET character_set_client = @saved_cs_client */;

--
-- Dumping data for table `category_ussd`
--

LOCK TABLES `category_ussd` WRITE;
/*!40000 ALTER TABLE `category_ussd` DISABLE KEYS */;
INSERT INTO `category_ussd` VALUES (1,'*855*1*1*1*',3,1,'TEST08072021','041750ce-e473-462c-af82-99567dc25b4b','3',2,'MOOV'),(2,'*880*3*1*',3,1,'TEST08072021','041750ce-e473-462c-af82-99567dc25b4b','3',1,'MTN'),(3,'*173*5*1#',4,6,NULL,NULL,'3',2,'MOOV'),(4,'*880*2*1*',6,2,NULL,NULL,'3',1,'MTN'),(5,'*855*4*1*',6,2,NULL,NULL,'3',2,'MOOV'),(6,'*106*10*3*',7,7,NULL,NULL,'3',1,'MTN'),(7,'*173*1*',10,7,NULL,NULL,'3',2,'MOOV'),(8,'*106*10*1*',8,4,NULL,NULL,'3',1,'MTN'),(9,'*123*7*',8,4,NULL,NULL,'3',2,'MOOV'),(10,'*106*10*3*',2,3,NULL,NULL,'3',1,'MTN'),(11,'*173*1*',9,8,NULL,NULL,'3',2,'MOOV'),(12,'*106*',1,8,NULL,NULL,'3',2,'MOOV'),(13,'*106*2*',1,8,NULL,NULL,'3',1,'MTN');
/*!40000 ALTER TABLE `category_ussd` ENABLE KEYS */;
UNLOCK TABLES;

--
-- Table structure for table `companies`
--

DROP TABLE IF EXISTS `companies`;
/*!40101 SET @saved_cs_client     = @@character_set_client */;
/*!40101 SET character_set_client = utf8 */;
CREATE TABLE `companies` (
  `company_id` int(11) NOT NULL AUTO_INCREMENT,
  `company_number` varchar(150) DEFAULT NULL COMMENT 'RCCM',
  `company_name` varchar(100) NOT NULL,
  `creation_date` datetime DEFAULT NULL,
  `company_token` varchar(105) DEFAULT NULL,
  `registration_number` varchar(65) DEFAULT NULL COMMENT 'IFU number',
  `application_uuid` varchar(105) DEFAULT NULL,
  `data_version` varchar(105) DEFAULT NULL,
  PRIMARY KEY (`company_id`)
) ENGINE=InnoDB AUTO_INCREMENT=7 DEFAULT CHARSET=utf8;
/*!40101 SET character_set_client = @saved_cs_client */;

--
-- Dumping data for table `companies`
--

LOCK TABLES `companies` WRITE;
/*!40000 ALTER TABLE `companies` DISABLE KEYS */;
INSERT INTO `companies` VALUES (1,'RCCM021544','TEST0','2021-07-08 12:24:10','TEST0','1234567888','041750ce-e473-462c-af82-99567dc25b4b','1'),(2,'21082021','TEST1','2021-08-21 15:36:35','TEST1','20218012',NULL,'1'),(3,'RB/COT IFUTEST1','TTEST','2021-09-22 23:22:00','TTEST','7841202369',NULL,NULL),(4,'RB/COT 7','COMPAGNIE-A','2021-09-28 10:14:00','COMPAGNIEA','87554444551',NULL,NULL),(5,'RB/COT 0215478','CEDRIC SAS','2021-10-06 12:09:00','CEDRICSAS','98745678489',NULL,NULL),(6,'POU14555','PIERRICK SAS','2021-10-07 22:29:00','PIERRICKSAS','0124478999',NULL,NULL);
/*!40000 ALTER TABLE `companies` ENABLE KEYS */;
UNLOCK TABLES;

--
-- Table structure for table `countries`
--

DROP TABLE IF EXISTS `countries`;
/*!40101 SET @saved_cs_client     = @@character_set_client */;
/*!40101 SET character_set_client = utf8 */;
CREATE TABLE `countries` (
  `country_id` int(11) NOT NULL AUTO_INCREMENT,
  `description` varchar(105) DEFAULT NULL,
  `country_short_name` varchar(45) NOT NULL,
  `creation_date` datetime DEFAULT NULL,
  `data_version` varchar(105) DEFAULT NULL,
  PRIMARY KEY (`country_id`)
) ENGINE=InnoDB AUTO_INCREMENT=3 DEFAULT CHARSET=utf8;
/*!40101 SET character_set_client = @saved_cs_client */;

--
-- Dumping data for table `countries`
--

LOCK TABLES `countries` WRITE;
/*!40000 ALTER TABLE `countries` DISABLE KEYS */;
INSERT INTO `countries` VALUES (1,'BENIN','BJ','2021-07-08 12:21:08','1'),(2,'FRANCE','FR','2021-07-08 12:21:08','1');
/*!40000 ALTER TABLE `countries` ENABLE KEYS */;
UNLOCK TABLES;

--
-- Table structure for table `database_version`
--

DROP TABLE IF EXISTS `database_version`;
/*!40101 SET @saved_cs_client     = @@character_set_client */;
/*!40101 SET character_set_client = utf8 */;
CREATE TABLE `database_version` (
  `database_version_id` int(11) NOT NULL AUTO_INCREMENT,
  `current_version` int(11) DEFAULT NULL,
  `last_update_date` datetime DEFAULT NULL,
  PRIMARY KEY (`database_version_id`)
) ENGINE=InnoDB AUTO_INCREMENT=2 DEFAULT CHARSET=utf8;
/*!40101 SET character_set_client = @saved_cs_client */;

--
-- Dumping data for table `database_version`
--

LOCK TABLES `database_version` WRITE;
/*!40000 ALTER TABLE `database_version` DISABLE KEYS */;
INSERT INTO `database_version` VALUES (1,3,'2021-08-13 00:22:42');
/*!40000 ALTER TABLE `database_version` ENABLE KEYS */;
UNLOCK TABLES;

--
-- Table structure for table `inventories`
--

DROP TABLE IF EXISTS `inventories`;
/*!40101 SET @saved_cs_client     = @@character_set_client */;
/*!40101 SET character_set_client = utf8 */;
CREATE TABLE `inventories` (
  `inventory_id` int(11) NOT NULL AUTO_INCREMENT,
  `date_from` date DEFAULT NULL,
  `date_to` date DEFAULT NULL,
  `report_file_url` varchar(155) DEFAULT NULL,
  `is_finished_flag` tinyint(1) DEFAULT NULL,
  `company_token` varchar(105) DEFAULT NULL,
  `inventory_name` varchar(105) DEFAULT NULL,
  `application_uuid` varchar(105) DEFAULT NULL,
  `data_version` varchar(105) DEFAULT NULL,
  PRIMARY KEY (`inventory_id`)
) ENGINE=InnoDB AUTO_INCREMENT=36 DEFAULT CHARSET=utf8;
/*!40101 SET character_set_client = @saved_cs_client */;

--
-- Dumping data for table `inventories`
--

LOCK TABLES `inventories` WRITE;
/*!40000 ALTER TABLE `inventories` DISABLE KEYS */;
INSERT INTO `inventories` VALUES (1,'2021-09-22','2021-09-23','dnznjmznjd',1,'TTEST','inv22_au_24','01111111','1'),(2,'2021-09-21','2021-09-24',NULL,NULL,'TTEST','inv. 2021-09-21/2021-09-24','f0658690-c7fe-48b8-8964-cf6d9e4c3ab5','2'),(3,'2021-09-21','2021-09-24',NULL,NULL,'TTEST','inv. 2021-09-21/2021-09-24','f0658690-c7fe-48b8-8964-cf6d9e4c3ab5','2'),(4,'2021-09-21','2021-09-24',NULL,NULL,'TTEST','inv. 2021-09-21/2021-09-24','f0658690-c7fe-48b8-8964-cf6d9e4c3ab5','2'),(5,'2021-09-21','2021-09-24',NULL,NULL,'TTEST','inv. 2021-09-21/2021-09-24','f0658690-c7fe-48b8-8964-cf6d9e4c3ab5','2'),(6,'2021-09-21','2021-09-24',NULL,NULL,'TTEST','inv. 2021-09-21/2021-09-24','f0658690-c7fe-48b8-8964-cf6d9e4c3ab5','2'),(7,'2021-09-21','2021-09-24',NULL,NULL,'TTEST','inv. 2021-09-21/2021-09-24','f0658690-c7fe-48b8-8964-cf6d9e4c3ab5','2'),(8,'2021-09-21','2021-09-24',NULL,NULL,'TTEST','inv. 2021-09-21/2021-09-24','f0658690-c7fe-48b8-8964-cf6d9e4c3ab5','2'),(9,'2021-09-21','2021-09-24',NULL,NULL,'TTEST','inv. 2021-09-21/2021-09-24','f0658690-c7fe-48b8-8964-cf6d9e4c3ab5','2'),(10,'2021-09-21','2021-09-24',NULL,NULL,'TTEST','inv. 2021-09-21/2021-09-24','f0658690-c7fe-48b8-8964-cf6d9e4c3ab5','2'),(11,'2021-09-21','2021-09-24',NULL,NULL,'TTEST','inv. 2021-09-21/2021-09-24','f0658690-c7fe-48b8-8964-cf6d9e4c3ab5','2'),(12,'2021-09-21','2021-09-24',NULL,NULL,'TTEST','inv. 2021-09-21/2021-09-24','f0658690-c7fe-48b8-8964-cf6d9e4c3ab5','2'),(13,'2021-09-21','2021-09-24',NULL,NULL,'TTEST','inv. 2021-09-21/2021-09-24','f0658690-c7fe-48b8-8964-cf6d9e4c3ab5','2'),(14,'2021-09-21','2021-09-24',NULL,NULL,'TTEST','inv. 2021-09-21/2021-09-24','f0658690-c7fe-48b8-8964-cf6d9e4c3ab5','2'),(15,'2021-09-21','2021-09-24',NULL,NULL,'TTEST','inv. 2021-09-21/2021-09-24','f0658690-c7fe-48b8-8964-cf6d9e4c3ab5','2'),(16,'2021-09-21','2021-09-24',NULL,NULL,'TTEST','inv. 2021-09-21/2021-09-24','f0658690-c7fe-48b8-8964-cf6d9e4c3ab5','2'),(17,'2021-09-21','2021-09-24',NULL,NULL,'TTEST','inv. 2021-09-21/2021-09-24','f0658690-c7fe-48b8-8964-cf6d9e4c3ab5','2'),(18,'2021-09-21','2021-09-24',NULL,NULL,'TTEST','inv. 2021-09-21/2021-09-24','f0658690-c7fe-48b8-8964-cf6d9e4c3ab5','2'),(19,'2021-09-21','2021-09-24',NULL,NULL,'TTEST','inv. 2021-09-21/2021-09-24','f0658690-c7fe-48b8-8964-cf6d9e4c3ab5','2'),(20,'2021-09-21','2021-09-24',NULL,NULL,'TTEST','inv. 2021-09-21/2021-09-24','f0658690-c7fe-48b8-8964-cf6d9e4c3ab5','2'),(21,'2021-09-21','2021-09-24',NULL,NULL,'TTEST','inv. 2021-09-21/2021-09-24','f0658690-c7fe-48b8-8964-cf6d9e4c3ab5','2'),(22,'2021-09-21','2021-09-24',NULL,NULL,'TTEST','inv. 2021-09-21/2021-09-24','f0658690-c7fe-48b8-8964-cf6d9e4c3ab5','2'),(23,'2021-09-21','2021-09-24',NULL,NULL,'TTEST','inv. 2021-09-21/2021-09-24','f0658690-c7fe-48b8-8964-cf6d9e4c3ab5','2'),(24,'2021-09-21','2021-09-24',NULL,NULL,'TTEST','inv. 2021-09-21/2021-09-24','f0658690-c7fe-48b8-8964-cf6d9e4c3ab5','2'),(25,'2021-09-21','2021-09-24',NULL,NULL,'TTEST','inv. 2021-09-21/2021-09-24','f0658690-c7fe-48b8-8964-cf6d9e4c3ab5','2'),(26,'2021-09-21','2021-09-24',NULL,NULL,'TTEST','inv. 2021-09-21/2021-09-24','f0658690-c7fe-48b8-8964-cf6d9e4c3ab5','2'),(27,'2021-09-21','2021-09-24',NULL,NULL,'TTEST','inv. 2021-09-21/2021-09-24','f0658690-c7fe-48b8-8964-cf6d9e4c3ab5','2'),(28,'2021-09-21','2021-09-24',NULL,NULL,'TTEST','inv. 2021-09-21/2021-09-24','f0658690-c7fe-48b8-8964-cf6d9e4c3ab5','2'),(29,'2021-09-21','2021-09-24',NULL,NULL,'TTEST','inv. 2021-09-21/2021-09-24','f0658690-c7fe-48b8-8964-cf6d9e4c3ab5','2'),(30,'2021-09-21','2021-09-24',NULL,NULL,'TTEST','inv. 2021-09-21/2021-09-24','f0658690-c7fe-48b8-8964-cf6d9e4c3ab5','2'),(31,'2021-09-21','2021-09-24',NULL,NULL,'TTEST','inv. 2021-09-21/2021-09-24','f0658690-c7fe-48b8-8964-cf6d9e4c3ab5','2'),(32,'2021-09-21','2021-09-24',NULL,NULL,'TTEST','inv. 2021-09-21/2021-09-24','f0658690-c7fe-48b8-8964-cf6d9e4c3ab5','2'),(33,'2021-09-21','2021-09-24',NULL,NULL,'TTEST','inv. 2021-09-21/2021-09-24','f0658690-c7fe-48b8-8964-cf6d9e4c3ab5','2'),(34,'2021-09-21','2021-09-24',NULL,NULL,'TTEST','inv. 2021-09-21/2021-09-24','f0658690-c7fe-48b8-8964-cf6d9e4c3ab5','2'),(35,'2021-09-21','2021-09-24',NULL,NULL,'TTEST','inv. 2021-09-21/2021-09-24','f0658690-c7fe-48b8-8964-cf6d9e4c3ab5','2');
/*!40000 ALTER TABLE `inventories` ENABLE KEYS */;
UNLOCK TABLES;

--
-- Table structure for table `inventory_detail`
--

DROP TABLE IF EXISTS `inventory_detail`;
/*!40101 SET @saved_cs_client     = @@character_set_client */;
/*!40101 SET character_set_client = utf8 */;
CREATE TABLE `inventory_detail` (
  `inventory_detail_id` int(11) NOT NULL AUTO_INCREMENT,
  `balance_start` int(11) DEFAULT NULL COMMENT 'solde de début periode',
  `balance_end` int(11) DEFAULT NULL COMMENT 'solde en fin de periode',
  `sales_amount` int(11) DEFAULT NULL COMMENT 'chiffre daffaires',
  `nb_transactions` int(11) DEFAULT NULL COMMENT 'nombre transactions sur la periode',
  `operation_type_id` int(11) DEFAULT NULL,
  `inventory_id` int(11) DEFAULT NULL,
  PRIMARY KEY (`inventory_detail_id`),
  KEY `operation_type_id` (`operation_type_id`),
  KEY `inventory_id` (`inventory_id`),
  CONSTRAINT `inventory_id` FOREIGN KEY (`inventory_id`) REFERENCES `inventories` (`inventory_id`),
  CONSTRAINT `operation_type_id` FOREIGN KEY (`operation_type_id`) REFERENCES `operation_types` (`operation_type_id`)
) ENGINE=InnoDB AUTO_INCREMENT=37 DEFAULT CHARSET=utf8;
/*!40101 SET character_set_client = @saved_cs_client */;

--
-- Dumping data for table `inventory_detail`
--

LOCK TABLES `inventory_detail` WRITE;
/*!40000 ALTER TABLE `inventory_detail` DISABLE KEYS */;
INSERT INTO `inventory_detail` VALUES (1,1000,500,450,53,1,1),(2,0,2160,1000,16,1,2),(3,0,1815,700,16,1,3),(4,0,2160,1000,16,1,2),(5,0,1815,700,16,1,3),(6,0,2160,1000,16,1,2),(7,0,1815,700,16,1,3),(8,0,2160,1000,16,1,2),(9,0,1815,700,16,1,3),(10,0,2160,1000,16,1,2),(11,0,1815,700,16,1,3),(12,0,2160,1000,16,1,2),(13,0,1815,700,16,1,3),(14,0,2160,1000,16,1,2),(15,0,1815,700,16,1,3),(16,0,2160,1000,16,1,2),(17,0,1815,700,16,1,3),(18,0,2160,1000,16,1,2),(19,0,1815,700,16,1,3),(20,0,2160,1000,16,1,2),(21,0,1815,700,16,1,3),(22,0,2160,1000,16,1,2),(23,0,1815,700,16,1,3),(24,0,2160,1000,16,1,2),(25,0,1815,700,16,1,3),(26,0,2160,1000,16,1,2),(27,0,1815,700,16,1,3),(28,0,2160,1000,16,1,2),(29,0,1815,700,16,1,3),(30,0,2160,1000,16,1,2),(31,0,1815,700,16,1,3),(32,0,2160,1000,16,1,2),(33,0,1815,700,16,1,3),(34,0,2160,1000,16,1,2),(35,0,1815,700,16,1,3),(36,1000,500,450,53,1,1);
/*!40000 ALTER TABLE `inventory_detail` ENABLE KEYS */;
UNLOCK TABLES;

--
-- Table structure for table `licence_features`
--

DROP TABLE IF EXISTS `licence_features`;
/*!40101 SET @saved_cs_client     = @@character_set_client */;
/*!40101 SET character_set_client = utf8 */;
CREATE TABLE `licence_features` (
  `licence_feature_id` int(11) NOT NULL AUTO_INCREMENT,
  `licence_id` int(11) NOT NULL,
  `service_id` int(11) NOT NULL,
  `company_token` varchar(105) DEFAULT NULL,
  `application_uuid` varchar(105) DEFAULT NULL,
  `data_version` varchar(105) DEFAULT NULL,
  PRIMARY KEY (`licence_feature_id`,`licence_id`,`service_id`) USING BTREE,
  KEY `service_id` (`service_id`),
  KEY `fk_licence_features_licences_idx` (`licence_id`)
) ENGINE=InnoDB AUTO_INCREMENT=417 DEFAULT CHARSET=utf8;
/*!40101 SET character_set_client = @saved_cs_client */;

--
-- Dumping data for table `licence_features`
--

LOCK TABLES `licence_features` WRITE;
/*!40000 ALTER TABLE `licence_features` DISABLE KEYS */;
INSERT INTO `licence_features` VALUES (1,27,2,NULL,NULL,NULL),(2,31,3,NULL,NULL,NULL),(3,33,1,NULL,NULL,NULL),(4,33,2,NULL,NULL,NULL),(5,33,3,NULL,NULL,NULL),(6,33,4,NULL,NULL,NULL),(7,33,5,NULL,NULL,NULL),(8,33,6,NULL,NULL,NULL),(9,33,7,NULL,NULL,NULL),(10,33,8,NULL,NULL,NULL),(11,33,9,NULL,NULL,NULL),(12,34,1,NULL,NULL,NULL),(13,34,2,NULL,NULL,NULL),(14,34,3,NULL,NULL,NULL),(15,34,4,NULL,NULL,NULL),(16,34,5,NULL,NULL,NULL),(17,34,6,NULL,NULL,NULL),(18,34,7,NULL,NULL,NULL),(19,34,8,NULL,NULL,NULL),(20,34,9,NULL,NULL,NULL),(21,35,1,NULL,NULL,NULL),(22,35,2,NULL,NULL,NULL),(23,35,3,NULL,NULL,NULL),(24,35,4,NULL,NULL,NULL),(25,35,5,NULL,NULL,NULL),(26,35,6,NULL,NULL,NULL),(27,35,7,NULL,NULL,NULL),(28,35,8,NULL,NULL,NULL),(29,35,9,NULL,NULL,NULL),(30,36,1,NULL,NULL,NULL),(31,36,2,NULL,NULL,NULL),(32,36,3,NULL,NULL,NULL),(33,36,4,NULL,NULL,NULL),(34,36,5,NULL,NULL,NULL),(35,36,6,NULL,NULL,NULL),(36,36,7,NULL,NULL,NULL),(37,36,8,NULL,NULL,NULL),(38,36,9,NULL,NULL,NULL),(39,37,1,NULL,NULL,NULL),(40,37,2,NULL,NULL,NULL),(41,37,3,NULL,NULL,NULL),(42,37,4,NULL,NULL,NULL),(43,37,5,NULL,NULL,NULL),(44,37,6,NULL,NULL,NULL),(45,37,7,NULL,NULL,NULL),(46,37,8,NULL,NULL,NULL),(47,37,9,NULL,NULL,NULL),(48,38,1,NULL,NULL,NULL),(49,38,2,NULL,NULL,NULL),(50,38,3,NULL,NULL,NULL),(51,38,4,NULL,NULL,NULL),(52,38,5,NULL,NULL,NULL),(53,38,6,NULL,NULL,NULL),(54,38,7,NULL,NULL,NULL),(55,38,8,NULL,NULL,NULL),(56,38,9,NULL,NULL,NULL),(57,39,1,NULL,NULL,NULL),(58,39,2,NULL,NULL,NULL),(59,39,3,NULL,NULL,NULL),(60,39,4,NULL,NULL,NULL),(61,39,5,NULL,NULL,NULL),(62,39,6,NULL,NULL,NULL),(63,39,7,NULL,NULL,NULL),(64,39,8,NULL,NULL,NULL),(65,39,9,NULL,NULL,NULL),(66,40,1,NULL,NULL,NULL),(67,40,2,NULL,NULL,NULL),(68,40,3,NULL,NULL,NULL),(69,40,4,NULL,NULL,NULL),(70,40,5,NULL,NULL,NULL),(71,40,6,NULL,NULL,NULL),(72,40,7,NULL,NULL,NULL),(73,40,8,NULL,NULL,NULL),(74,40,9,NULL,NULL,NULL),(75,41,1,NULL,NULL,NULL),(76,41,2,NULL,NULL,NULL),(77,41,3,NULL,NULL,NULL),(78,41,4,NULL,NULL,NULL),(79,41,5,NULL,NULL,NULL),(80,41,6,NULL,NULL,NULL),(81,41,7,NULL,NULL,NULL),(82,41,8,NULL,NULL,NULL),(83,41,9,NULL,NULL,NULL),(84,42,1,NULL,NULL,NULL),(85,42,2,NULL,NULL,NULL),(86,42,3,NULL,NULL,NULL),(87,42,4,NULL,NULL,NULL),(88,42,5,NULL,NULL,NULL),(89,42,6,NULL,NULL,NULL),(90,42,7,NULL,NULL,NULL),(91,42,8,NULL,NULL,NULL),(92,42,9,NULL,NULL,NULL),(93,43,1,NULL,NULL,NULL),(94,43,2,NULL,NULL,NULL),(95,43,3,NULL,NULL,NULL),(96,43,4,NULL,NULL,NULL),(97,43,5,NULL,NULL,NULL),(98,43,6,NULL,NULL,NULL),(99,43,7,NULL,NULL,NULL),(100,43,8,NULL,NULL,NULL),(101,43,9,NULL,NULL,NULL),(102,44,1,NULL,NULL,NULL),(103,44,2,NULL,NULL,NULL),(104,44,3,NULL,NULL,NULL),(105,44,4,NULL,NULL,NULL),(106,44,5,NULL,NULL,NULL),(107,44,6,NULL,NULL,NULL),(108,44,7,NULL,NULL,NULL),(109,44,8,NULL,NULL,NULL),(110,44,9,NULL,NULL,NULL),(111,45,1,NULL,NULL,NULL),(112,45,2,NULL,NULL,NULL),(113,45,3,NULL,NULL,NULL),(114,45,4,NULL,NULL,NULL),(115,45,5,NULL,NULL,NULL),(116,45,6,NULL,NULL,NULL),(117,45,7,NULL,NULL,NULL),(118,45,8,NULL,NULL,NULL),(119,45,9,NULL,NULL,NULL),(120,46,1,NULL,NULL,NULL),(121,46,2,NULL,NULL,NULL),(122,46,3,NULL,NULL,NULL),(123,46,4,NULL,NULL,NULL),(124,46,5,NULL,NULL,NULL),(125,46,6,NULL,NULL,NULL),(126,46,7,NULL,NULL,NULL),(127,46,8,NULL,NULL,NULL),(128,46,9,NULL,NULL,NULL),(129,47,1,NULL,NULL,NULL),(130,47,2,NULL,NULL,NULL),(131,47,3,NULL,NULL,NULL),(132,47,4,NULL,NULL,NULL),(133,47,5,NULL,NULL,NULL),(134,47,6,NULL,NULL,NULL),(135,47,7,NULL,NULL,NULL),(136,47,8,NULL,NULL,NULL),(137,47,9,NULL,NULL,NULL),(138,49,1,NULL,NULL,NULL),(139,49,2,NULL,NULL,NULL),(140,49,3,NULL,NULL,NULL),(141,49,4,NULL,NULL,NULL),(142,49,5,NULL,NULL,NULL),(143,49,6,NULL,NULL,NULL),(144,49,7,NULL,NULL,NULL),(145,49,8,NULL,NULL,NULL),(146,49,9,NULL,NULL,NULL),(147,56,1,NULL,NULL,NULL),(148,56,2,NULL,NULL,NULL),(149,56,3,NULL,NULL,NULL),(150,56,4,NULL,NULL,NULL),(151,56,5,NULL,NULL,NULL),(152,56,6,NULL,NULL,NULL),(153,56,7,NULL,NULL,NULL),(154,56,8,NULL,NULL,NULL),(155,56,9,NULL,NULL,NULL),(156,57,1,NULL,NULL,NULL),(157,57,2,NULL,NULL,NULL),(158,57,3,NULL,NULL,NULL),(159,57,4,NULL,NULL,NULL),(160,57,5,NULL,NULL,NULL),(161,57,6,NULL,NULL,NULL),(162,57,7,NULL,NULL,NULL),(163,57,8,NULL,NULL,NULL),(164,57,9,NULL,NULL,NULL),(165,58,1,NULL,NULL,NULL),(166,58,2,NULL,NULL,NULL),(167,58,3,NULL,NULL,NULL),(168,58,4,NULL,NULL,NULL),(169,58,5,NULL,NULL,NULL),(170,58,6,NULL,NULL,NULL),(171,58,7,NULL,NULL,NULL),(172,58,8,NULL,NULL,NULL),(173,58,9,NULL,NULL,NULL),(174,59,1,NULL,NULL,NULL),(175,59,2,NULL,NULL,NULL),(176,59,3,NULL,NULL,NULL),(177,59,4,NULL,NULL,NULL),(178,59,5,NULL,NULL,NULL),(179,59,6,NULL,NULL,NULL),(180,59,7,NULL,NULL,NULL),(181,59,8,NULL,NULL,NULL),(182,59,9,NULL,NULL,NULL),(183,60,1,NULL,NULL,NULL),(184,60,2,NULL,NULL,NULL),(185,60,3,NULL,NULL,NULL),(186,60,4,NULL,NULL,NULL),(187,60,5,NULL,NULL,NULL),(188,60,6,NULL,NULL,NULL),(189,60,7,NULL,NULL,NULL),(190,60,8,NULL,NULL,NULL),(191,60,9,NULL,NULL,NULL),(192,61,1,NULL,NULL,NULL),(193,61,2,NULL,NULL,NULL),(194,61,3,NULL,NULL,NULL),(195,61,4,NULL,NULL,NULL),(196,61,5,NULL,NULL,NULL),(197,61,6,NULL,NULL,NULL),(198,61,7,NULL,NULL,NULL),(199,61,8,NULL,NULL,NULL),(200,61,9,NULL,NULL,NULL),(201,62,1,NULL,NULL,NULL),(202,62,2,NULL,NULL,NULL),(203,62,3,NULL,NULL,NULL),(204,62,4,NULL,NULL,NULL),(205,62,5,NULL,NULL,NULL),(206,62,6,NULL,NULL,NULL),(207,62,7,NULL,NULL,NULL),(208,62,8,NULL,NULL,NULL),(209,62,9,NULL,NULL,NULL),(210,63,1,NULL,NULL,NULL),(211,63,2,NULL,NULL,NULL),(212,63,3,NULL,NULL,NULL),(213,63,4,NULL,NULL,NULL),(214,63,5,NULL,NULL,NULL),(215,63,6,NULL,NULL,NULL),(216,63,7,NULL,NULL,NULL),(217,63,8,NULL,NULL,NULL),(218,63,9,NULL,NULL,NULL),(219,64,1,NULL,NULL,NULL),(220,64,2,NULL,NULL,NULL),(221,64,3,NULL,NULL,NULL),(222,64,4,NULL,NULL,NULL),(223,64,5,NULL,NULL,NULL),(224,64,6,NULL,NULL,NULL),(225,64,7,NULL,NULL,NULL),(226,64,8,NULL,NULL,NULL),(227,64,9,NULL,NULL,NULL),(228,65,1,NULL,NULL,NULL),(229,65,2,NULL,NULL,NULL),(230,65,3,NULL,NULL,NULL),(231,65,4,NULL,NULL,NULL),(232,65,5,NULL,NULL,NULL),(233,65,6,NULL,NULL,NULL),(234,65,7,NULL,NULL,NULL),(235,65,8,NULL,NULL,NULL),(236,65,9,NULL,NULL,NULL),(237,66,1,NULL,NULL,NULL),(238,66,2,NULL,NULL,NULL),(239,66,3,NULL,NULL,NULL),(240,66,4,NULL,NULL,NULL),(241,66,5,NULL,NULL,NULL),(242,66,6,NULL,NULL,NULL),(243,66,7,NULL,NULL,NULL),(244,66,8,NULL,NULL,NULL),(245,66,9,NULL,NULL,NULL),(246,67,1,NULL,NULL,NULL),(247,67,2,NULL,NULL,NULL),(248,67,3,NULL,NULL,NULL),(249,67,4,NULL,NULL,NULL),(250,67,5,NULL,NULL,NULL),(251,67,6,NULL,NULL,NULL),(252,67,7,NULL,NULL,NULL),(253,67,8,NULL,NULL,NULL),(254,67,9,NULL,NULL,NULL),(255,68,1,NULL,NULL,NULL),(256,68,2,NULL,NULL,NULL),(257,68,3,NULL,NULL,NULL),(258,68,4,NULL,NULL,NULL),(259,68,5,NULL,NULL,NULL),(260,68,6,NULL,NULL,NULL),(261,68,7,NULL,NULL,NULL),(262,68,8,NULL,NULL,NULL),(263,68,9,NULL,NULL,NULL),(264,69,1,NULL,NULL,NULL),(265,69,2,NULL,NULL,NULL),(266,69,3,NULL,NULL,NULL),(267,69,4,NULL,NULL,NULL),(268,69,5,NULL,NULL,NULL),(269,69,6,NULL,NULL,NULL),(270,69,7,NULL,NULL,NULL),(271,69,8,NULL,NULL,NULL),(272,69,9,NULL,NULL,NULL),(273,70,1,NULL,NULL,NULL),(274,70,2,NULL,NULL,NULL),(275,70,3,NULL,NULL,NULL),(276,70,4,NULL,NULL,NULL),(277,70,5,NULL,NULL,NULL),(278,70,6,NULL,NULL,NULL),(279,70,7,NULL,NULL,NULL),(280,70,8,NULL,NULL,NULL),(281,70,9,NULL,NULL,NULL),(282,72,1,NULL,NULL,NULL),(283,72,2,NULL,NULL,NULL),(284,72,3,NULL,NULL,NULL),(285,72,4,NULL,NULL,NULL),(286,72,5,NULL,NULL,NULL),(287,72,6,NULL,NULL,NULL),(288,72,7,NULL,NULL,NULL),(289,72,8,NULL,NULL,NULL),(290,72,9,NULL,NULL,NULL),(291,73,1,NULL,NULL,NULL),(292,73,2,NULL,NULL,NULL),(293,73,3,NULL,NULL,NULL),(294,73,4,NULL,NULL,NULL),(295,73,5,NULL,NULL,NULL),(296,73,6,NULL,NULL,NULL),(297,73,7,NULL,NULL,NULL),(298,73,8,NULL,NULL,NULL),(299,73,9,NULL,NULL,NULL),(300,74,1,NULL,NULL,NULL),(301,74,2,NULL,NULL,NULL),(302,74,3,NULL,NULL,NULL),(303,74,4,NULL,NULL,NULL),(304,74,5,NULL,NULL,NULL),(305,74,6,NULL,NULL,NULL),(306,74,7,NULL,NULL,NULL),(307,74,8,NULL,NULL,NULL),(308,74,9,NULL,NULL,NULL),(309,75,1,NULL,NULL,NULL),(310,75,2,NULL,NULL,NULL),(311,75,3,NULL,NULL,NULL),(312,75,4,NULL,NULL,NULL),(313,75,5,NULL,NULL,NULL),(314,75,6,NULL,NULL,NULL),(315,75,7,NULL,NULL,NULL),(316,75,8,NULL,NULL,NULL),(317,75,9,NULL,NULL,NULL),(318,76,1,NULL,NULL,NULL),(319,76,2,NULL,NULL,NULL),(320,76,3,NULL,NULL,NULL),(321,76,4,NULL,NULL,NULL),(322,76,5,NULL,NULL,NULL),(323,76,6,NULL,NULL,NULL),(324,76,7,NULL,NULL,NULL),(325,76,8,NULL,NULL,NULL),(326,76,9,NULL,NULL,NULL),(327,77,1,NULL,NULL,NULL),(328,77,2,NULL,NULL,NULL),(329,77,3,NULL,NULL,NULL),(330,77,4,NULL,NULL,NULL),(331,77,5,NULL,NULL,NULL),(332,77,6,NULL,NULL,NULL),(333,77,7,NULL,NULL,NULL),(334,77,8,NULL,NULL,NULL),(335,77,9,NULL,NULL,NULL),(336,78,1,NULL,NULL,NULL),(337,78,2,NULL,NULL,NULL),(338,78,3,NULL,NULL,NULL),(339,78,4,NULL,NULL,NULL),(340,78,5,NULL,NULL,NULL),(341,78,6,NULL,NULL,NULL),(342,78,7,NULL,NULL,NULL),(343,78,8,NULL,NULL,NULL),(344,78,9,NULL,NULL,NULL),(345,79,1,NULL,NULL,NULL),(346,79,2,NULL,NULL,NULL),(347,79,3,NULL,NULL,NULL),(348,79,4,NULL,NULL,NULL),(349,79,5,NULL,NULL,NULL),(350,79,6,NULL,NULL,NULL),(351,79,7,NULL,NULL,NULL),(352,79,8,NULL,NULL,NULL),(353,79,9,NULL,NULL,NULL),(354,80,1,NULL,NULL,NULL),(355,80,2,NULL,NULL,NULL),(356,80,3,NULL,NULL,NULL),(357,80,4,NULL,NULL,NULL),(358,80,5,NULL,NULL,NULL),(359,80,6,NULL,NULL,NULL),(360,80,7,NULL,NULL,NULL),(361,80,8,NULL,NULL,NULL),(362,80,9,NULL,NULL,NULL),(363,81,1,NULL,NULL,NULL),(364,81,2,NULL,NULL,NULL),(365,81,3,NULL,NULL,NULL),(366,81,4,NULL,NULL,NULL),(367,81,5,NULL,NULL,NULL),(368,81,6,NULL,NULL,NULL),(369,81,7,NULL,NULL,NULL),(370,81,8,NULL,NULL,NULL),(371,81,9,NULL,NULL,NULL),(372,82,1,NULL,NULL,NULL),(373,82,2,NULL,NULL,NULL),(374,82,3,NULL,NULL,NULL),(375,82,4,NULL,NULL,NULL),(376,82,5,NULL,NULL,NULL),(377,82,6,NULL,NULL,NULL),(378,82,7,NULL,NULL,NULL),(379,82,8,NULL,NULL,NULL),(380,82,9,NULL,NULL,NULL),(381,83,1,NULL,NULL,NULL),(382,83,2,NULL,NULL,NULL),(383,83,3,NULL,NULL,NULL),(384,83,4,NULL,NULL,NULL),(385,83,5,NULL,NULL,NULL),(386,83,6,NULL,NULL,NULL),(387,83,7,NULL,NULL,NULL),(388,83,8,NULL,NULL,NULL),(389,83,9,NULL,NULL,NULL),(390,84,1,NULL,NULL,NULL),(391,84,2,NULL,NULL,NULL),(392,84,3,NULL,NULL,NULL),(393,84,4,NULL,NULL,NULL),(394,84,5,NULL,NULL,NULL),(395,84,6,NULL,NULL,NULL),(396,84,7,NULL,NULL,NULL),(397,84,8,NULL,NULL,NULL),(398,84,9,NULL,NULL,NULL),(399,85,1,NULL,NULL,NULL),(400,85,2,NULL,NULL,NULL),(401,85,3,NULL,NULL,NULL),(402,85,4,NULL,NULL,NULL),(403,85,5,NULL,NULL,NULL),(404,85,6,NULL,NULL,NULL),(405,85,7,NULL,NULL,NULL),(406,85,8,NULL,NULL,NULL),(407,85,9,NULL,NULL,NULL),(408,86,1,NULL,NULL,NULL),(409,86,2,NULL,NULL,NULL),(410,86,3,NULL,NULL,NULL),(411,86,4,NULL,NULL,NULL),(412,86,5,NULL,NULL,NULL),(413,86,6,NULL,NULL,NULL),(414,86,7,NULL,NULL,NULL),(415,86,8,NULL,NULL,NULL),(416,86,9,NULL,NULL,NULL);
/*!40000 ALTER TABLE `licence_features` ENABLE KEYS */;
UNLOCK TABLES;

--
-- Table structure for table `licence_types`
--

DROP TABLE IF EXISTS `licence_types`;
/*!40101 SET @saved_cs_client     = @@character_set_client */;
/*!40101 SET character_set_client = utf8 */;
CREATE TABLE `licence_types` (
  `licence_type_id` int(11) NOT NULL AUTO_INCREMENT,
  `licence_type_name` varchar(105) DEFAULT NULL,
  `licence_nb_equipment` int(11) DEFAULT NULL COMMENT 'Nombre d''équipement autorisé',
  `licence_nb_transactions_day` int(11) DEFAULT NULL COMMENT 'nombre de transactions par jour',
  `is_active` tinyint(4) DEFAULT 1,
  `data_version` int(11) DEFAULT NULL,
  PRIMARY KEY (`licence_type_id`)
) ENGINE=InnoDB AUTO_INCREMENT=4 DEFAULT CHARSET=utf8;
/*!40101 SET character_set_client = @saved_cs_client */;

--
-- Dumping data for table `licence_types`
--

LOCK TABLES `licence_types` WRITE;
/*!40000 ALTER TABLE `licence_types` DISABLE KEYS */;
INSERT INTO `licence_types` VALUES (1,'ECO',2,500,1,1),(2,'BUSINESS',15,15000,1,1),(3,'TEST',1,100,1,1);
/*!40000 ALTER TABLE `licence_types` ENABLE KEYS */;
UNLOCK TABLES;

--
-- Table structure for table `licences`
--

DROP TABLE IF EXISTS `licences`;
/*!40101 SET @saved_cs_client     = @@character_set_client */;
/*!40101 SET character_set_client = utf8 */;
CREATE TABLE `licences` (
  `licence_id` int(11) NOT NULL AUTO_INCREMENT,
  `licence_key` varchar(100) DEFAULT NULL,
  `creation_date` datetime DEFAULT NULL,
  `created_by_email` varchar(100) DEFAULT NULL,
  `licence_file_url` varchar(100) DEFAULT NULL,
  `is_for_equipement_flag` tinyint(1) DEFAULT NULL,
  `application_uuid` varchar(105) DEFAULT NULL,
  `data_version` varchar(105) DEFAULT NULL,
  `created_for_company_id` int(11) DEFAULT NULL COMMENT 'Créer pour tel compagnie',
  `is_active` tinyint(1) NOT NULL DEFAULT 0,
  `activation_date` datetime DEFAULT NULL COMMENT 'Date d''activation de la licence',
  `expiration_date` datetime DEFAULT NULL COMMENT 'Date d''expiration',
  `licence_parent_id` int(11) DEFAULT NULL COMMENT 'Détermine si c''est une licence secondaire',
  `licence_type_id` int(11) DEFAULT NULL,
  `user_id` int(11) DEFAULT NULL,
  PRIMARY KEY (`licence_id`),
  KEY `fk_licences_licence_types1_idx` (`licence_type_id`),
  KEY `fk_licences_user_idx` (`user_id`),
  CONSTRAINT `fk_licences_licence_types1` FOREIGN KEY (`licence_type_id`) REFERENCES `licence_types` (`licence_type_id`)
) ENGINE=InnoDB AUTO_INCREMENT=87 DEFAULT CHARSET=utf8;
/*!40101 SET character_set_client = @saved_cs_client */;

--
-- Dumping data for table `licences`
--

LOCK TABLES `licences` WRITE;
/*!40000 ALTER TABLE `licences` DISABLE KEYS */;
INSERT INTO `licences` VALUES (32,'5ec43-19f0e-3f81d-3ac4f-aa149','2021-09-22 23:22:00',NULL,NULL,0,NULL,NULL,3,0,NULL,'2021-10-20 00:00:00',NULL,2,NULL),(33,'0d5bc-03d72-2448d-31154-bfd8b','2021-09-22 23:22:00',NULL,NULL,1,'07fb1b03-f70c-49f5-81f2-53386ca5a039',NULL,3,1,'2021-09-22 00:00:00','2021-10-22 00:00:00',32,NULL,NULL),(34,'791e4-19ede-cd317-bce50-f0336','2021-09-22 23:22:00',NULL,NULL,1,NULL,NULL,3,0,NULL,NULL,32,NULL,NULL),(35,'d903c-8bd08-5978c-389db-291e1','2021-09-22 23:22:00',NULL,NULL,1,NULL,NULL,3,0,NULL,NULL,32,NULL,NULL),(36,'8949d-0cdd6-9277e-4966e-f0731','2021-09-22 23:22:00',NULL,NULL,1,NULL,NULL,3,0,NULL,NULL,32,NULL,NULL),(37,'edf8d-51918-1f3c5-20446-e4c85','2021-09-22 23:22:00',NULL,NULL,1,NULL,NULL,3,0,NULL,NULL,32,NULL,NULL),(38,'dd985-fe732-d17b4-34472-0c9d8','2021-09-22 23:22:00',NULL,NULL,1,NULL,NULL,3,0,NULL,NULL,32,NULL,NULL),(39,'73c12-45225-8d5b9-c108c-4eb3c','2021-09-22 23:22:00',NULL,NULL,1,NULL,NULL,3,0,NULL,NULL,32,NULL,NULL),(40,'5d630-8e9c4-b4a92-539f9-69ad5','2021-09-22 23:22:00',NULL,NULL,1,NULL,NULL,3,0,NULL,NULL,32,NULL,NULL),(41,'5e79b-badd2-10198-97e04-2a95f','2021-09-22 23:22:00',NULL,NULL,1,NULL,NULL,3,0,NULL,NULL,32,NULL,NULL),(42,'a948e-7081b-f917a-b01e4-523b7','2021-09-22 23:22:00',NULL,NULL,1,NULL,NULL,3,0,NULL,NULL,32,NULL,NULL),(43,'9f7ad-34103-b3807-dc83b-9d5d5','2021-09-22 23:22:00',NULL,NULL,1,NULL,NULL,3,0,NULL,NULL,32,NULL,NULL),(44,'49d1e-2a2d3-05aef-60491-afe4f','2021-09-22 23:22:00',NULL,NULL,1,'Appli0102102021',NULL,3,1,'2021-10-03 00:00:00','2021-11-02 00:00:00',32,NULL,NULL),(45,'cc77c-6ae8a-688f2-e485f-c4d23','2021-09-22 23:22:00',NULL,NULL,1,NULL,NULL,3,0,NULL,NULL,32,NULL,NULL),(46,'791c1-20dcd-bc2c0-43cf5-3e460','2021-09-22 23:22:00',NULL,NULL,1,NULL,NULL,3,0,NULL,NULL,32,NULL,NULL),(47,'5e1c7-dd378-09eac-6498b-1cd8c','2021-09-22 23:22:00',NULL,NULL,1,NULL,NULL,3,0,NULL,NULL,32,NULL,NULL),(48,'5f385-218dd-f0352-a0292-d86f0','2021-09-28 10:14:00',NULL,NULL,0,NULL,NULL,4,0,NULL,'2021-10-27 00:00:00',NULL,3,NULL),(49,'90e5a-a6e06-d4499-f317f-d5f94','2021-09-28 10:14:00',NULL,NULL,1,NULL,NULL,4,0,NULL,NULL,48,NULL,NULL),(50,'5e63e-d2490-1aa91-66b3f-1029d','2021-09-29 13:20:00',NULL,NULL,1,NULL,NULL,NULL,1,'2021-09-29 13:20:00','2021-10-30 00:00:00',NULL,NULL,NULL),(51,'b16ff-a5d4e-58e7e-610e7-766f4','2021-09-29 13:21:00',NULL,NULL,1,NULL,NULL,NULL,1,'2021-09-29 13:21:00','2021-11-30 00:00:00',NULL,NULL,NULL),(52,'67fd0-e2797-5294f-ca413-de861','2021-09-29 13:22:00',NULL,NULL,1,NULL,NULL,NULL,1,'2021-09-29 13:22:00','2021-09-30 00:00:00',NULL,NULL,NULL),(53,'48c52-a6a1a-3ac85-f8f3c-60c8c','2021-09-29 13:26:00',NULL,NULL,1,NULL,NULL,NULL,1,'2021-09-29 13:26:00',NULL,NULL,NULL,NULL),(54,'9684c-5c6b8-191f2-41832-52521','2021-10-01 13:56:00',NULL,NULL,1,NULL,NULL,NULL,1,'2021-10-01 13:56:00',NULL,NULL,NULL,NULL),(55,'798d2-3da4b-20b95-43abf-f0179','2021-10-06 12:09:00',NULL,NULL,0,NULL,NULL,5,0,NULL,'2021-11-08 00:00:00',NULL,2,NULL),(56,'31e2e-c75f8-128d1-6c32b-87d23','2021-10-06 12:09:00',NULL,NULL,1,NULL,NULL,5,0,NULL,NULL,55,NULL,NULL),(57,'78f35-dffa4-5f1fd-fd6c2-a1182','2021-10-06 12:09:00',NULL,NULL,1,NULL,NULL,5,0,NULL,NULL,55,NULL,NULL),(58,'40dcf-a96dd-d9e47-33e98-08553','2021-10-06 12:09:00',NULL,NULL,1,NULL,NULL,5,0,NULL,NULL,55,NULL,NULL),(59,'19fef-a22a6-ae846-e6856-04410','2021-10-06 12:09:00',NULL,NULL,1,NULL,NULL,5,0,NULL,NULL,55,NULL,NULL),(60,'e5eda-dff52-899f4-0f0c7-16d54','2021-10-06 12:09:00',NULL,NULL,1,NULL,NULL,5,0,NULL,NULL,55,NULL,NULL),(61,'3c5fb-f886e-95381-5b3a5-e5193','2021-10-06 12:09:00',NULL,NULL,1,NULL,NULL,5,0,NULL,NULL,55,NULL,NULL),(62,'2eb3a-1919b-f21fb-40b95-b03b8','2021-10-06 12:09:00',NULL,NULL,1,NULL,NULL,5,0,NULL,NULL,55,NULL,NULL),(63,'c7edc-616cb-db213-3e671-279f0','2021-10-06 12:09:00',NULL,NULL,1,NULL,NULL,5,0,NULL,NULL,55,NULL,NULL),(64,'98cec-dd493-43c1f-cc8cb-8541d','2021-10-06 12:09:00',NULL,NULL,1,NULL,NULL,5,0,NULL,NULL,55,NULL,NULL),(65,'04bd0-c4835-d6f4c-84ad9-d1ef5','2021-10-06 12:09:00',NULL,NULL,1,'azertyuiop',NULL,5,1,'2021-10-06 00:00:00','2021-11-05 00:00:00',55,NULL,NULL),(66,'8957e-5462d-09643-7986d-eabc5','2021-10-06 12:09:00',NULL,NULL,1,NULL,NULL,5,0,NULL,NULL,55,NULL,NULL),(67,'f70e1-1b8a5-07c8a-23579-cbf68','2021-10-06 12:09:00',NULL,NULL,1,NULL,NULL,5,0,NULL,NULL,55,NULL,NULL),(68,'1fd78-29d44-205b1-f7119-e715f','2021-10-06 12:09:00',NULL,NULL,1,NULL,NULL,5,0,NULL,NULL,55,NULL,NULL),(69,'34cd4-1e525-806bf-0076d-7b930','2021-10-06 12:09:00',NULL,NULL,1,NULL,NULL,5,0,NULL,NULL,55,NULL,NULL),(70,'ca2af-9c2ae-d392a-36841-efcdc','2021-10-06 12:09:00',NULL,NULL,1,NULL,NULL,5,0,NULL,NULL,55,NULL,NULL),(71,'15d43-5d3ac-8e8cd-a61e4-b64b1','2021-10-07 22:29:00',NULL,NULL,0,NULL,NULL,6,0,NULL,'2021-11-08 00:00:00',NULL,2,NULL),(72,'5a018-e0260-6b2df-dbce9-d7f74','2021-10-07 22:29:00',NULL,NULL,1,NULL,NULL,6,0,NULL,NULL,71,NULL,NULL),(73,'510c0-9c1de-8482b-e9519-b7d83','2021-10-07 22:29:00',NULL,NULL,1,NULL,NULL,6,0,NULL,NULL,71,NULL,NULL),(74,'8cbeb-84284-2b940-43a96-94b22','2021-10-07 22:29:00',NULL,NULL,1,NULL,NULL,6,0,NULL,NULL,71,NULL,NULL),(75,'195df-b59f3-05473-cb372-1e524','2021-10-07 22:29:00',NULL,NULL,1,NULL,NULL,6,0,NULL,NULL,71,NULL,NULL),(76,'3beac-7601c-086fe-9c00d-29681','2021-10-07 22:29:00',NULL,NULL,1,NULL,NULL,6,0,NULL,NULL,71,NULL,NULL),(77,'b8ddd-c8b92-df84e-5e68e-9c368','2021-10-07 22:29:00',NULL,NULL,1,NULL,NULL,6,0,NULL,NULL,71,NULL,NULL),(78,'206e9-fb49a-fcb64-adf7d-97740','2021-10-07 22:29:00',NULL,NULL,1,NULL,NULL,6,0,NULL,NULL,71,NULL,NULL),(79,'81842-1896e-c2482-3abed-1033c','2021-10-07 22:29:00',NULL,NULL,1,NULL,NULL,6,0,NULL,NULL,71,NULL,NULL),(80,'ad287-7ddcd-3c54b-2b4f7-09e56','2021-10-07 22:29:00',NULL,NULL,1,NULL,NULL,6,0,NULL,NULL,71,NULL,NULL),(81,'006a1-5a140-198a5-e01fb-91dfc','2021-10-07 22:29:00',NULL,NULL,1,'PIERRICK1',NULL,6,1,'2021-10-07 00:00:00','2021-11-06 00:00:00',71,NULL,NULL),(82,'23ca5-c3834-ceee1-f0db5-c4cd0','2021-10-07 22:29:00',NULL,NULL,1,NULL,NULL,6,0,NULL,NULL,71,NULL,NULL),(83,'3665e-f0be8-eb458-fbdad-aa19a','2021-10-07 22:29:00',NULL,NULL,1,NULL,NULL,6,0,NULL,NULL,71,NULL,NULL),(84,'4cc2e-704d0-0e46e-806e8-9fa87','2021-10-07 22:29:00',NULL,NULL,1,NULL,NULL,6,0,NULL,NULL,71,NULL,NULL),(85,'e5a02-e5969-4fc82-7384f-6a104','2021-10-07 22:29:00',NULL,NULL,1,NULL,NULL,6,0,NULL,NULL,71,NULL,NULL),(86,'fe629-655df-6fc45-77e18-354a2','2021-10-07 22:29:00',NULL,NULL,1,NULL,NULL,6,0,NULL,NULL,71,NULL,NULL);
/*!40000 ALTER TABLE `licences` ENABLE KEYS */;
UNLOCK TABLES;

--
-- Table structure for table `operation_types`
--

DROP TABLE IF EXISTS `operation_types`;
/*!40101 SET @saved_cs_client     = @@character_set_client */;
/*!40101 SET character_set_client = utf8 */;
CREATE TABLE `operation_types` (
  `operation_type_id` int(11) NOT NULL AUTO_INCREMENT,
  `libelle` varchar(100) DEFAULT NULL,
  `creation_date` datetime DEFAULT NULL,
  `comments` varchar(105) DEFAULT NULL,
  `data_version` varchar(105) DEFAULT NULL,
  PRIMARY KEY (`operation_type_id`)
) ENGINE=InnoDB AUTO_INCREMENT=9 DEFAULT CHARSET=utf8;
/*!40101 SET character_set_client = @saved_cs_client */;

--
-- Dumping data for table `operation_types`
--

LOCK TABLES `operation_types` WRITE;
/*!40000 ALTER TABLE `operation_types` DISABLE KEYS */;
INSERT INTO `operation_types` VALUES (1,'DEPOT','2021-07-08 12:29:42','DEPOT','2'),(2,'RETRAIT','2021-07-08 12:29:42','RETRAIT','2'),(3,'FORFAIT MAXI APPEL','2021-07-08 14:42:04','forfait maxi appel','2'),(4,'FORFAIT MAXI INTERNET','2021-07-08 14:42:04','forfait maxi internet','2'),(5,'PASS BONUS APPEL','2021-07-16 10:50:38','pass bonus appel','2'),(6,'PASS BONUS INTERNET','2021-07-16 10:55:12','pass bonus internet','2'),(7,'FORFAIT INTERNET','2021-08-02 14:24:11','forfait internet','2'),(8,'CREDIT','2021-08-02 14:57:06','Vente de crédits','2');
/*!40000 ALTER TABLE `operation_types` ENABLE KEYS */;
UNLOCK TABLES;

--
-- Table structure for table `operations`
--

DROP TABLE IF EXISTS `operations`;
/*!40101 SET @saved_cs_client     = @@character_set_client */;
/*!40101 SET character_set_client = utf8 */;
CREATE TABLE `operations` (
  `operation_id` int(11) NOT NULL AUTO_INCREMENT,
  `operation_type_id` int(11) NOT NULL,
  `company_token` varchar(45) DEFAULT NULL,
  `libelle` varchar(45) DEFAULT NULL,
  `application_uuid` varchar(105) DEFAULT NULL,
  `data_version` varchar(105) DEFAULT NULL,
  `balance_after_operate` int(11) DEFAULT NULL COMMENT 'solde après operation',
  `amount` int(11) DEFAULT NULL,
  `operation_date` datetime DEFAULT NULL,
  `network_operator_name` varchar(45) DEFAULT NULL,
  `statut_operation` varchar(150) DEFAULT NULL,
  `transaction_phone_number` varchar(150) DEFAULT NULL,
  `operation_id_source` int(11) DEFAULT NULL,
  PRIMARY KEY (`operation_id`),
  KEY `fk_operations_operation_types1_idx` (`operation_type_id`),
  CONSTRAINT `fk_operations_operation_types1` FOREIGN KEY (`operation_type_id`) REFERENCES `operation_types` (`operation_type_id`)
) ENGINE=InnoDB AUTO_INCREMENT=74 DEFAULT CHARSET=utf8;
/*!40101 SET character_set_client = @saved_cs_client */;

--
-- Dumping data for table `operations`
--

LOCK TABLES `operations` WRITE;
/*!40000 ALTER TABLE `operations` DISABLE KEYS */;
INSERT INTO `operations` VALUES (1,8,'TTEST','CREDIT','a999480e-2daf-4eeb-8e25-45fb4697bf6c',NULL,265,100,'2021-09-30 13:37:27','MTN','SUCCES','69126070',1),(2,8,'TTEST','CREDIT','a999480e-2daf-4eeb-8e25-45fb4697bf6c',NULL,265,100,'2021-09-30 13:37:27','MTN','SUCCES','69126070',2),(3,8,'TTEST','CREDIT','a999480e-2daf-4eeb-8e25-45fb4697bf6c',NULL,265,100,'2021-09-30 13:37:27','MTN','SUCCES','69126070',3),(4,8,'TTEST','CREDIT','Appli0102102021',NULL,660,100,'2021-10-02 21:05:28','MOOV','SUCCES','63630014',4),(5,8,'TTEST','CREDIT','Appli0102102021',NULL,660,100,'2021-10-02 21:05:28','MOOV','SUCCES','63630014',5),(6,8,'TTEST','CREDIT','Appli0102102021',NULL,660,100,'2021-10-02 21:05:28','MOOV','SUCCES','63630014',6),(7,5,'TTEST','PASS BONUS APPEL','Appli0102102021',NULL,460,100,'2021-10-02 21:23:31','MOOV','SUCCES','63630014',7),(8,8,'TTEST','CREDIT','Appli0102102021',NULL,660,100,'2021-10-02 21:05:28','MOOV','SUCCES','63630014',8),(9,5,'TTEST','PASS BONUS APPEL','Appli0102102021',NULL,460,100,'2021-10-02 21:23:31','MOOV','SUCCES','63630014',9),(10,8,'TTEST','CREDIT','Appli0102102021',NULL,660,100,'2021-10-02 21:05:28','MOOV','SUCCES','63630014',10),(11,8,'TTEST','CREDIT','Appli0102102021',NULL,360,100,'2021-10-02 21:47:02','MOOV','SUCCES','63630014',11),(12,7,'TTEST','FORFAIT INTERNET','Appli0102102021',NULL,460,100,'2021-10-02 21:46:27','MOOV','ECHEC','63630014',12),(13,7,'TTEST','FORFAIT INTERNET','Appli0102102021',NULL,460,100,'2021-10-02 21:45:20','MOOV','ECHEC','63630014',13),(14,7,'TTEST','FORFAIT INTERNET','Appli0102102021',NULL,360,150,'2021-10-02 21:48:58','MOOV','ECHEC','63630014',14),(15,8,'TTEST','CREDIT','Appli0102102021',NULL,360,100,'2021-10-02 21:47:02','MOOV','SUCCES','63630014',15),(16,7,'TTEST','FORFAIT INTERNET','Appli0102102021',NULL,460,100,'2021-10-02 21:46:27','MOOV','ECHEC','63630014',16),(17,7,'TTEST','FORFAIT INTERNET','Appli0102102021',NULL,360,150,'2021-10-02 21:48:58','MOOV','ECHEC','63630014',17),(18,8,'TTEST','CREDIT','Appli0102102021',NULL,360,100,'2021-10-02 21:47:02','MOOV','SUCCES','63630014',18),(19,7,'TTEST','FORFAIT INTERNET','Appli0102102021',NULL,460,100,'2021-10-02 21:46:27','MOOV','ECHEC','63630014',19),(20,7,'TTEST','FORFAIT INTERNET','Appli0102102021',NULL,360,150,'2021-10-02 21:48:58','MOOV','ECHEC','63630014',20),(21,8,'TTEST','CREDIT','Appli0102102021',NULL,360,100,'2021-10-02 21:47:02','MOOV','SUCCES','63630014',21),(22,7,'TTEST','FORFAIT INTERNET','Appli0102102021',NULL,460,100,'2021-10-02 21:46:27','MOOV','ECHEC','63630014',22),(23,7,'TTEST','FORFAIT INTERNET','Appli0102102021',NULL,360,150,'2021-10-02 21:48:58','MOOV','ECHEC','63630014',23),(24,8,'TTEST','CREDIT','Appli0102102021',NULL,360,100,'2021-10-02 21:47:02','MOOV','SUCCES','63630014',24),(25,7,'TTEST','FORFAIT INTERNET','Appli0102102021',NULL,460,100,'2021-10-02 21:46:27','MOOV','ECHEC','63630014',25),(26,8,'TTEST','CREDIT','Appli0102102021',NULL,160,100,'2021-10-02 21:59:32','MOOV','SUCCES','63630014',26),(27,7,'TTEST','FORFAIT INTERNET','Appli0102102021',NULL,360,150,'2021-10-02 21:48:58','MOOV','ECHEC','63630014',27),(28,8,'TTEST','CREDIT','Appli0102102021',NULL,360,100,'2021-10-02 21:47:02','MOOV','SUCCES','63630014',28),(29,8,'TTEST','CREDIT','Appli0102102021',NULL,160,100,'2021-10-02 21:59:32','MOOV','SUCCES','63630014',29),(30,7,'TTEST','FORFAIT INTERNET','Appli0102102021',NULL,360,150,'2021-10-02 21:48:58','MOOV','ECHEC','63630014',30),(31,8,'TTEST','CREDIT','Appli0102102021',NULL,360,100,'2021-10-02 21:47:02','MOOV','SUCCES','63630014',31),(32,8,'TTEST','CREDIT','Appli0102102021',NULL,160,100,'2021-10-02 21:59:32','MOOV','SUCCES','63630014',32),(33,7,'TTEST','FORFAIT INTERNET','Appli0102102021',NULL,360,150,'2021-10-02 21:48:58','MOOV','ECHEC','63630014',33),(34,8,'TTEST','CREDIT','Appli0102102021',NULL,360,100,'2021-10-02 21:47:02','MOOV','SUCCES','63630014',34),(35,8,'TTEST','CREDIT','Appli0102102021',NULL,160,100,'2021-10-02 21:59:32','MOOV','SUCCES','63630014',35),(36,7,'TTEST','FORFAIT INTERNET','Appli0102102021',NULL,360,150,'2021-10-02 21:48:58','MOOV','ECHEC','63630014',36),(37,8,'TTEST','CREDIT','Appli0102102021',NULL,360,100,'2021-10-02 21:47:02','MOOV','SUCCES','63630014',37),(38,8,'TTEST','CREDIT','Appli0102102021',NULL,160,100,'2021-10-02 21:59:32','MOOV','SUCCES','63630014',38),(39,7,'TTEST','FORFAIT INTERNET','Appli0102102021',NULL,360,150,'2021-10-02 21:48:58','MOOV','ECHEC','63630014',39),(40,8,'TTEST','CREDIT','Appli0102102021',NULL,360,100,'2021-10-02 21:47:02','MOOV','SUCCES','63630014',40),(41,8,'TTEST','CREDIT','Appli0102102021',NULL,160,100,'2021-10-02 21:59:32','MOOV','SUCCES','63630014',41),(42,7,'TTEST','FORFAIT INTERNET','Appli0102102021',NULL,360,150,'2021-10-02 21:48:58','MOOV','ECHEC','63630014',42),(43,8,'TTEST','CREDIT','Appli0102102021',NULL,360,100,'2021-10-02 21:47:02','MOOV','SUCCES','63630014',43),(44,8,'TTEST','CREDIT','Appli0102102021',NULL,160,100,'2021-10-02 21:59:32','MOOV','SUCCES','63630014',44),(45,7,'TTEST','FORFAIT INTERNET','Appli0102102021',NULL,360,150,'2021-10-02 21:48:58','MOOV','ECHEC','63630014',45),(46,8,'TTEST','CREDIT','Appli0102102021',NULL,360,100,'2021-10-02 21:47:02','MOOV','SUCCES','63630014',46),(47,8,'TTEST','CREDIT','Appli0102102021',NULL,160,100,'2021-10-02 21:59:32','MOOV','SUCCES','63630014',47),(48,7,'TTEST','FORFAIT INTERNET','Appli0102102021',NULL,360,150,'2021-10-02 21:48:58','MOOV','ECHEC','63630014',48),(49,8,'TTEST','CREDIT','Appli0102102021',NULL,360,100,'2021-10-02 21:47:02','MOOV','SUCCES','63630014',49),(50,8,'TTEST','CREDIT','Appli0102102021',NULL,65,100,'2021-10-03 17:50:34','MTN','SUCCES','69126070',50),(51,8,'TTEST','CREDIT','Appli0102102021',NULL,65,100,'2021-10-03 17:50:34','MTN','SUCCES','69126070',51),(52,8,'TTEST','CREDIT','Appli0102102021',NULL,65,100,'2021-10-03 17:50:34','MTN','SUCCES','69126070',52),(53,8,'TTEST','CREDIT','Appli0102102021',NULL,65,100,'2021-10-03 17:50:34','MTN','SUCCES','69126070',53),(54,8,'TTEST','CREDIT','Appli0102102021',NULL,65,100,'2021-10-03 17:50:34','MTN','SUCCES','69126070',54),(55,8,'TTEST','CREDIT','Appli0102102021',NULL,65,100,'2021-10-03 17:50:34','MTN','SUCCES','69126070',55),(56,8,'TTEST','CREDIT','Appli0102102021',NULL,65,100,'2021-10-03 17:50:34','MTN','SUCCES','69126070',56),(57,8,'TTEST','CREDIT','Appli0102102021',NULL,65,100,'2021-10-03 18:09:20','MTN','SUCCES','97494848',57),(58,8,'TTEST','CREDIT','Appli0102102021',NULL,65,100,'2021-10-03 17:50:34','MTN','SUCCES','69126070',58),(59,8,'TTEST','CREDIT','Appli0102102021',NULL,65,100,'2021-10-03 18:09:20','MTN','SUCCES','97494848',59),(60,8,'TTEST','CREDIT','Appli0102102021',NULL,65,100,'2021-10-03 17:50:34','MTN','SUCCES','69126070',60),(61,8,'TTEST','CREDIT','Appli0102102021',NULL,65,100,'2021-10-03 18:09:20','MTN','SUCCES','97494848',61),(62,8,'TTEST','CREDIT','Appli0102102021',NULL,65,100,'2021-10-03 17:50:34','MTN','SUCCES','69126070',62),(63,8,'TTEST','CREDIT','Appli0102102021',NULL,65,100,'2021-10-03 18:09:20','MTN','SUCCES','97494848',63),(64,8,'TTEST','CREDIT','Appli0102102021',NULL,65,100,'2021-10-03 17:50:34','MTN','SUCCES','69126070',64),(65,8,'CEDRICSAS','CREDIT','azertyuiop',NULL,4865,100,'2021-10-06 17:03:46','MTN','SUCCES','61292948',1),(66,8,'CEDRICSAS','CREDIT','azertyuiop',NULL,4660,100,'2021-10-06 17:05:48','MOOV','SUCCES','94570130',2),(67,5,'CEDRICSAS','PASS BONUS APPEL','azertyuiop',NULL,4660,100,'2021-10-06 17:11:53','MOOV','SUCCES','94570130',8),(68,6,'CEDRICSAS','PASS BONUS INTERNET','azertyuiop',NULL,4560,100,'2021-10-06 17:13:01','MOOV','SUCCES','94570130',9),(69,6,'CEDRICSAS','PASS BONUS INTERNET','azertyuiop',NULL,4560,100,'2021-10-06 17:13:46','MOOV','SUCCES','94570130',10),(70,4,'CEDRICSAS','FORFAIT MAXI INTERNET','azertyuiop',NULL,3565,100,'2021-10-06 20:12:07','MTN','SUCCES','69126070',3),(71,6,'CEDRICSAS','PASS BONUS INTERNET','azertyuiop',NULL,3360,100,'2021-10-06 20:13:14','MOOV','SUCCES','94570130',4),(72,8,'PIERRICKSAS','CREDIT','PIERRICK1',NULL,1115,150,'2021-10-07 21:46:36','MTN','SUCCES','91961111',1),(73,8,'PIERRICKSAS','CREDIT','PIERRICK1',NULL,1760,100,'2021-10-07 22:03:03','MOOV','SUCCES','63630014',2);
/*!40000 ALTER TABLE `operations` ENABLE KEYS */;
UNLOCK TABLES;

--
-- Table structure for table `password_histories`
--

DROP TABLE IF EXISTS `password_histories`;
/*!40101 SET @saved_cs_client     = @@character_set_client */;
/*!40101 SET character_set_client = utf8 */;
CREATE TABLE `password_histories` (
  `history_id` int(11) NOT NULL AUTO_INCREMENT,
  `logout_date` datetime DEFAULT NULL,
  `login_date` datetime DEFAULT NULL,
  `schedule_reset_date` datetime DEFAULT NULL,
  `effective_reset_date` datetime DEFAULT NULL,
  `next_reset_date` datetime DEFAULT NULL,
  `is_effective` tinyint(4) DEFAULT NULL,
  `user_id` int(11) NOT NULL,
  PRIMARY KEY (`history_id`),
  KEY `fk_rapport_user_idx` (`user_id`),
  CONSTRAINT `fk_rapport_user` FOREIGN KEY (`user_id`) REFERENCES `users` (`user_id`)
) ENGINE=InnoDB AUTO_INCREMENT=54 DEFAULT CHARSET=utf8;
/*!40101 SET character_set_client = @saved_cs_client */;

--
-- Dumping data for table `password_histories`
--

LOCK TABLES `password_histories` WRITE;
/*!40000 ALTER TABLE `password_histories` DISABLE KEYS */;
INSERT INTO `password_histories` VALUES (29,NULL,'2021-09-22 22:31:37','2021-09-29 22:31:37',NULL,NULL,0,8),(30,NULL,'2021-09-23 10:27:08','2021-09-30 10:27:08',NULL,NULL,0,8),(31,NULL,'2021-09-23 11:09:16','2021-09-30 11:09:16',NULL,NULL,0,8),(32,NULL,'2021-09-23 15:11:13','2021-09-30 15:11:13',NULL,NULL,0,8),(33,NULL,'2021-09-23 16:32:53','2021-09-30 16:32:53',NULL,NULL,0,8),(34,NULL,'2021-09-23 16:35:32','2021-09-30 16:35:32',NULL,NULL,0,8),(35,NULL,'2021-09-23 21:47:06','2021-09-30 21:47:06',NULL,NULL,0,8),(36,NULL,'2021-09-24 08:49:09','2021-10-01 08:49:09',NULL,NULL,0,8),(37,NULL,'2021-09-27 10:16:09','2021-10-04 10:16:09',NULL,NULL,0,8),(38,NULL,'2021-09-29 06:55:28','2021-10-06 06:55:28',NULL,NULL,0,8),(39,NULL,'2021-09-29 16:41:33','2021-10-06 16:41:33',NULL,NULL,0,8),(40,NULL,'2021-10-02 21:00:54','2021-10-09 21:00:54',NULL,NULL,0,19),(41,NULL,'2021-10-03 17:35:16','2021-10-10 17:35:16',NULL,NULL,0,19),(42,NULL,'2021-10-05 06:28:07','2021-10-12 06:28:07',NULL,NULL,0,19),(43,NULL,'2021-10-06 10:14:55','2021-10-13 10:14:55',NULL,NULL,0,8),(44,NULL,'2021-10-06 11:14:24','2021-10-13 11:14:24',NULL,NULL,0,8),(45,NULL,'2021-10-06 17:00:26','2021-10-13 17:00:26',NULL,NULL,0,21),(46,NULL,'2021-10-06 17:31:15','2021-10-13 17:31:15',NULL,NULL,0,8),(47,NULL,'2021-10-06 20:07:56','2021-10-13 20:07:56',NULL,NULL,0,21),(48,NULL,'2021-10-06 23:13:36','2021-10-13 23:13:36',NULL,NULL,0,8),(49,NULL,'2021-10-07 00:42:49','2021-10-14 00:42:49',NULL,NULL,0,8),(50,NULL,'2021-10-07 18:28:08','2021-10-14 18:28:08',NULL,NULL,0,8),(51,NULL,'2021-10-07 20:25:12','2021-10-14 20:25:12',NULL,NULL,0,8),(52,NULL,'2021-10-07 21:37:26','2021-10-14 21:37:26',NULL,NULL,0,24),(53,NULL,'2021-10-08 10:56:58','2021-10-15 10:56:58',NULL,NULL,0,8);
/*!40000 ALTER TABLE `password_histories` ENABLE KEYS */;
UNLOCK TABLES;

--
-- Table structure for table `services`
--

DROP TABLE IF EXISTS `services`;
/*!40101 SET @saved_cs_client     = @@character_set_client */;
/*!40101 SET character_set_client = utf8 */;
CREATE TABLE `services` (
  `service_id` int(11) NOT NULL AUTO_INCREMENT,
  `libelle` varchar(30) NOT NULL,
  `descriptions` text NOT NULL,
  PRIMARY KEY (`service_id`)
) ENGINE=InnoDB AUTO_INCREMENT=10 DEFAULT CHARSET=utf8;
/*!40101 SET character_set_client = @saved_cs_client */;

--
-- Dumping data for table `services`
--

LOCK TABLES `services` WRITE;
/*!40000 ALTER TABLE `services` DISABLE KEYS */;
INSERT INTO `services` VALUES (1,'FORFAIT INTERNET','Test desciption'),(2,'FORFAIT MAXI APPEL','Test description service 2'),(3,'PASS BONUS APPEL','Test description service 3'),(4,'INVENTAIRE',''),(5,'PASS BONUS INTERNET',''),(6,'FORFAIT MAXI INTERNET',''),(7,'CREDIT',''),(8,'DEPOT',''),(9,'RETRAIT','');
/*!40000 ALTER TABLE `services` ENABLE KEYS */;
UNLOCK TABLES;

--
-- Table structure for table `sms_tracker`
--

DROP TABLE IF EXISTS `sms_tracker`;
/*!40101 SET @saved_cs_client     = @@character_set_client */;
/*!40101 SET character_set_client = utf8 */;
CREATE TABLE `sms_tracker` (
  `tracker_id` int(11) NOT NULL AUTO_INCREMENT,
  `from_number` varchar(100) DEFAULT NULL,
  `from_name` varchar(100) DEFAULT 'GEMO',
  `to_phone_number` text DEFAULT NULL,
  `subject` varchar(100) DEFAULT NULL,
  `content` mediumtext DEFAULT NULL,
  `delivery_flag` tinyint(1) NOT NULL DEFAULT 0,
  `user_operation_id` int(11) DEFAULT NULL,
  `creation_date` datetime DEFAULT NULL,
  `last_attempt_date` datetime DEFAULT NULL,
  `sms_sent_date` datetime DEFAULT NULL,
  `category` varchar(100) NOT NULL DEFAULT 'TRACKING',
  PRIMARY KEY (`tracker_id`)
) ENGINE=InnoDB AUTO_INCREMENT=4 DEFAULT CHARSET=utf8;
/*!40101 SET character_set_client = @saved_cs_client */;

--
-- Dumping data for table `sms_tracker`
--

LOCK TABLES `sms_tracker` WRITE;
/*!40000 ALTER TABLE `sms_tracker` DISABLE KEYS */;
/*!40000 ALTER TABLE `sms_tracker` ENABLE KEYS */;
UNLOCK TABLES;

--
-- Table structure for table `user_connections`
--

DROP TABLE IF EXISTS `user_connections`;
/*!40101 SET @saved_cs_client     = @@character_set_client */;
/*!40101 SET character_set_client = utf8 */;
CREATE TABLE `user_connections` (
  `connection_id` int(11) NOT NULL AUTO_INCREMENT,
  `user_id` int(11) DEFAULT NULL,
  `application_uuid` varchar(150) DEFAULT NULL,
  `connection_date` date DEFAULT NULL,
  `sheduled_deconnection_date` date DEFAULT NULL,
  `deconnection_date` date DEFAULT NULL,
  PRIMARY KEY (`connection_id`)
) ENGINE=InnoDB AUTO_INCREMENT=31 DEFAULT CHARSET=utf8;
/*!40101 SET character_set_client = @saved_cs_client */;

--
-- Dumping data for table `user_connections`
--

LOCK TABLES `user_connections` WRITE;
/*!40000 ALTER TABLE `user_connections` DISABLE KEYS */;
INSERT INTO `user_connections` VALUES (28,8,'sharon','2021-10-07',NULL,NULL),(29,24,'PIERRICK1','2021-10-07',NULL,NULL),(30,8,'sharon','2021-10-08',NULL,NULL);
/*!40000 ALTER TABLE `user_connections` ENABLE KEYS */;
UNLOCK TABLES;

--
-- Table structure for table `user_has_features`
--

DROP TABLE IF EXISTS `user_has_features`;
/*!40101 SET @saved_cs_client     = @@character_set_client */;
/*!40101 SET character_set_client = utf8 */;
CREATE TABLE `user_has_features` (
  `user_has_licence_id` int(11) NOT NULL AUTO_INCREMENT,
  `licence_activation_date` varchar(45) DEFAULT NULL,
  `licence_feature_id` int(11) NOT NULL,
  `user_id` int(11) NOT NULL,
  `company_token` varchar(105) DEFAULT NULL,
  `active_date_from` date DEFAULT NULL,
  `active_date_to` date DEFAULT NULL,
  `application_uuid` varchar(105) DEFAULT NULL,
  `data_version` varchar(105) DEFAULT NULL,
  PRIMARY KEY (`user_has_licence_id`),
  KEY `fk_user_has_features_licence_features1_idx` (`licence_feature_id`),
  KEY `fk_user_has_features_users1_idx` (`user_id`)
) ENGINE=InnoDB AUTO_INCREMENT=179 DEFAULT CHARSET=utf8;
/*!40101 SET character_set_client = @saved_cs_client */;

--
-- Dumping data for table `user_has_features`
--

LOCK TABLES `user_has_features` WRITE;
/*!40000 ALTER TABLE `user_has_features` DISABLE KEYS */;
INSERT INTO `user_has_features` VALUES (143,'2021-09-22 00:00:00',3,8,NULL,'2021-09-22','2021-10-22','07fb1b03-f70c-49f5-81f2-53386ca5a039','1'),(144,'2021-09-22 00:00:00',4,8,NULL,'2021-09-22','2021-10-22','07fb1b03-f70c-49f5-81f2-53386ca5a039','1'),(145,'2021-09-22 00:00:00',5,8,NULL,'2021-09-22','2021-10-22','07fb1b03-f70c-49f5-81f2-53386ca5a039','1'),(146,'2021-09-22 00:00:00',6,8,NULL,'2021-09-22','2021-10-22','07fb1b03-f70c-49f5-81f2-53386ca5a039','1'),(147,'2021-09-22 00:00:00',7,8,NULL,'2021-09-22','2021-10-22','07fb1b03-f70c-49f5-81f2-53386ca5a039','1'),(148,'2021-09-22 00:00:00',8,8,NULL,'2021-09-22','2021-10-22','07fb1b03-f70c-49f5-81f2-53386ca5a039','1'),(149,'2021-09-22 00:00:00',9,8,NULL,'2021-09-22','2021-10-22','07fb1b03-f70c-49f5-81f2-53386ca5a039','1'),(150,'2021-09-22 00:00:00',10,8,NULL,'2021-09-22','2021-10-22','07fb1b03-f70c-49f5-81f2-53386ca5a039','1'),(151,'2021-09-22 00:00:00',11,8,NULL,'2021-09-22','2021-10-22','07fb1b03-f70c-49f5-81f2-53386ca5a039','1'),(152,'2021-10-03 00:00:00',102,19,NULL,'2021-10-03','2021-11-02','Appli0102102021','1'),(153,'2021-10-03 00:00:00',103,19,NULL,'2021-10-03','2021-11-02','Appli0102102021','1'),(154,'2021-10-03 00:00:00',104,19,NULL,'2021-10-03','2021-11-02','Appli0102102021','1'),(155,'2021-10-03 00:00:00',105,19,NULL,'2021-10-03','2021-11-02','Appli0102102021','1'),(156,'2021-10-03 00:00:00',106,19,NULL,'2021-10-03','2021-11-02','Appli0102102021','1'),(157,'2021-10-03 00:00:00',107,19,NULL,'2021-10-03','2021-11-02','Appli0102102021','1'),(158,'2021-10-03 00:00:00',108,19,NULL,'2021-10-03','2021-11-02','Appli0102102021','1'),(159,'2021-10-03 00:00:00',109,19,NULL,'2021-10-03','2021-11-02','Appli0102102021','1'),(160,'2021-10-03 00:00:00',110,19,NULL,'2021-10-03','2021-11-02','Appli0102102021','1'),(161,'2021-10-06 00:00:00',228,21,NULL,'2021-10-06','2021-11-05','azertyuiop','1'),(162,'2021-10-06 00:00:00',229,21,NULL,'2021-10-06','2021-11-05','azertyuiop','1'),(163,'2021-10-06 00:00:00',230,21,NULL,'2021-10-06','2021-11-05','azertyuiop','1'),(164,'2021-10-06 00:00:00',231,21,NULL,'2021-10-06','2021-11-05','azertyuiop','1'),(165,'2021-10-06 00:00:00',232,21,NULL,'2021-10-06','2021-11-05','azertyuiop','1'),(166,'2021-10-06 00:00:00',233,21,NULL,'2021-10-06','2021-11-05','azertyuiop','1'),(167,'2021-10-06 00:00:00',234,21,NULL,'2021-10-06','2021-11-05','azertyuiop','1'),(168,'2021-10-06 00:00:00',235,21,NULL,'2021-10-06','2021-11-05','azertyuiop','1'),(169,'2021-10-06 00:00:00',236,21,NULL,'2021-10-06','2021-11-05','azertyuiop','1'),(170,'2021-10-07 00:00:00',363,24,NULL,'2021-10-07','2021-11-06','PIERRICK1','1'),(171,'2021-10-07 00:00:00',364,24,NULL,'2021-10-07','2021-11-06','PIERRICK1','1'),(172,'2021-10-07 00:00:00',365,24,NULL,'2021-10-07','2021-11-06','PIERRICK1','1'),(173,'2021-10-07 00:00:00',366,24,NULL,'2021-10-07','2021-11-06','PIERRICK1','1'),(174,'2021-10-07 00:00:00',367,24,NULL,'2021-10-07','2021-11-06','PIERRICK1','1'),(175,'2021-10-07 00:00:00',368,24,NULL,'2021-10-07','2021-11-06','PIERRICK1','1'),(176,'2021-10-07 00:00:00',369,24,NULL,'2021-10-07','2021-11-06','PIERRICK1','1'),(177,'2021-10-07 00:00:00',370,24,NULL,'2021-10-07','2021-11-06','PIERRICK1','1'),(178,'2021-10-07 00:00:00',371,24,NULL,'2021-10-07','2021-11-06','PIERRICK1','1');
/*!40000 ALTER TABLE `user_has_features` ENABLE KEYS */;
UNLOCK TABLES;

--
-- Table structure for table `user_operations`
--

DROP TABLE IF EXISTS `user_operations`;
/*!40101 SET @saved_cs_client     = @@character_set_client */;
/*!40101 SET character_set_client = utf8 */;
CREATE TABLE `user_operations` (
  `user_operation_id` int(11) NOT NULL AUTO_INCREMENT,
  `operation_date` datetime DEFAULT NULL,
  `created_by_user_id` int(11) DEFAULT NULL,
  `operation_id` int(11) NOT NULL,
  `company_token` varchar(45) DEFAULT NULL,
  `inventory_id` int(11) DEFAULT NULL,
  `application_uuid` varchar(105) DEFAULT NULL,
  `data_version` varchar(105) DEFAULT NULL,
  `statut_operation` varchar(150) DEFAULT NULL,
  `transaction_phone_number` varchar(150) DEFAULT NULL,
  `operation_id_source` int(11) DEFAULT NULL,
  PRIMARY KEY (`user_operation_id`),
  KEY `fk_user_operations_users1_idx` (`created_by_user_id`),
  KEY `fk_user_operations_operations1_idx` (`operation_id`),
  KEY `fk_user_operations_inventories1_idx` (`inventory_id`),
  CONSTRAINT `fk_user_operations_inventories1` FOREIGN KEY (`inventory_id`) REFERENCES `inventories` (`inventory_id`),
  CONSTRAINT `fk_user_operations_operations1` FOREIGN KEY (`operation_id`) REFERENCES `operations` (`operation_id`),
  CONSTRAINT `fk_user_operations_users1` FOREIGN KEY (`created_by_user_id`) REFERENCES `users` (`user_id`)
) ENGINE=InnoDB AUTO_INCREMENT=106 DEFAULT CHARSET=utf8;
/*!40101 SET character_set_client = @saved_cs_client */;

--
-- Dumping data for table `user_operations`
--

LOCK TABLES `user_operations` WRITE;
/*!40000 ALTER TABLE `user_operations` DISABLE KEYS */;
INSERT INTO `user_operations` VALUES (2,'2021-09-30 13:37:27',8,2,'TTEST',NULL,'a999480e-2daf-4eeb-8e25-45fb4697bf6c',NULL,'SUCCES','69126070',2),(3,'2021-09-30 13:37:27',8,2,'TTEST',NULL,'a999480e-2daf-4eeb-8e25-45fb4697bf6c',NULL,'SUCCES','69126070',2),(4,'2021-10-02 21:05:28',19,1,'TTEST',NULL,'Appli0102102021',NULL,'SUCCES','63630014',1),(5,'2021-10-02 21:05:28',19,1,'TTEST',NULL,'Appli0102102021',NULL,'SUCCES','63630014',1),(6,'2021-10-02 21:05:28',19,1,'TTEST',NULL,'Appli0102102021',NULL,'SUCCES','63630014',1),(7,'2021-10-02 21:23:31',19,2,'TTEST',NULL,'Appli0102102021',NULL,'SUCCES','63630014',2),(8,'2021-10-02 21:05:28',19,1,'TTEST',NULL,'Appli0102102021',NULL,'SUCCES','63630014',1),(9,'2021-10-02 21:23:31',19,2,'TTEST',NULL,'Appli0102102021',NULL,'SUCCES','63630014',2),(10,'2021-10-02 21:05:28',19,1,'TTEST',NULL,'Appli0102102021',NULL,'SUCCES','63630014',1),(11,'2021-10-02 21:47:02',19,5,'TTEST',NULL,'Appli0102102021',NULL,'SUCCES','63630014',5),(12,'2021-10-02 21:46:27',19,4,'TTEST',NULL,'Appli0102102021',NULL,'ECHEC','63630014',4),(13,'2021-10-02 21:45:20',19,3,'TTEST',NULL,'Appli0102102021',NULL,'ECHEC','63630014',3),(14,'2021-10-02 21:48:58',19,6,'TTEST',NULL,'Appli0102102021',NULL,'ECHEC','63630014',6),(15,'2021-10-02 21:47:02',19,5,'TTEST',NULL,'Appli0102102021',NULL,'SUCCES','63630014',5),(16,'2021-10-02 21:46:27',19,4,'TTEST',NULL,'Appli0102102021',NULL,'ECHEC','63630014',4),(17,'2021-10-02 21:48:58',19,6,'TTEST',NULL,'Appli0102102021',NULL,'ECHEC','63630014',6),(18,'2021-10-02 21:47:02',19,5,'TTEST',NULL,'Appli0102102021',NULL,'SUCCES','63630014',5),(19,'2021-10-02 21:46:27',19,4,'TTEST',NULL,'Appli0102102021',NULL,'ECHEC','63630014',4),(20,'2021-10-02 21:48:58',19,6,'TTEST',NULL,'Appli0102102021',NULL,'ECHEC','63630014',6),(21,'2021-10-02 21:47:02',19,5,'TTEST',NULL,'Appli0102102021',NULL,'SUCCES','63630014',5),(22,'2021-10-02 21:46:27',19,4,'TTEST',NULL,'Appli0102102021',NULL,'ECHEC','63630014',4),(23,'2021-10-02 21:48:58',19,6,'TTEST',NULL,'Appli0102102021',NULL,'ECHEC','63630014',6),(24,'2021-10-02 21:47:02',19,5,'TTEST',NULL,'Appli0102102021',NULL,'SUCCES','63630014',5),(25,'2021-10-02 21:46:27',19,4,'TTEST',NULL,'Appli0102102021',NULL,'ECHEC','63630014',4),(26,'2021-10-02 21:59:32',19,7,'TTEST',NULL,'Appli0102102021',NULL,'SUCCES','63630014',7),(27,'2021-10-02 21:48:58',19,6,'TTEST',NULL,'Appli0102102021',NULL,'ECHEC','63630014',6),(28,'2021-10-02 21:47:02',19,5,'TTEST',NULL,'Appli0102102021',NULL,'SUCCES','63630014',5),(29,'2021-10-02 21:59:32',19,7,'TTEST',NULL,'Appli0102102021',NULL,'SUCCES','63630014',7),(30,'2021-10-02 21:48:58',19,6,'TTEST',NULL,'Appli0102102021',NULL,'ECHEC','63630014',6),(31,'2021-10-02 21:47:02',19,5,'TTEST',NULL,'Appli0102102021',NULL,'SUCCES','63630014',5),(32,'2021-10-02 21:59:32',19,7,'TTEST',NULL,'Appli0102102021',NULL,'SUCCES','63630014',7),(33,'2021-10-02 21:48:58',19,6,'TTEST',NULL,'Appli0102102021',NULL,'ECHEC','63630014',6),(34,'2021-10-02 21:47:02',19,5,'TTEST',NULL,'Appli0102102021',NULL,'SUCCES','63630014',5),(35,'2021-10-02 21:59:32',19,7,'TTEST',NULL,'Appli0102102021',NULL,'SUCCES','63630014',7),(36,'2021-10-02 21:48:58',19,6,'TTEST',NULL,'Appli0102102021',NULL,'ECHEC','63630014',6),(37,'2021-10-02 21:47:02',19,5,'TTEST',NULL,'Appli0102102021',NULL,'SUCCES','63630014',5),(38,'2021-10-02 21:59:32',19,7,'TTEST',NULL,'Appli0102102021',NULL,'SUCCES','63630014',7),(39,'2021-10-02 21:48:58',19,6,'TTEST',NULL,'Appli0102102021',NULL,'ECHEC','63630014',6),(40,'2021-10-02 21:47:02',19,5,'TTEST',NULL,'Appli0102102021',NULL,'SUCCES','63630014',5),(41,'2021-10-02 21:59:32',19,7,'TTEST',NULL,'Appli0102102021',NULL,'SUCCES','63630014',7),(42,'2021-10-02 21:48:58',19,6,'TTEST',NULL,'Appli0102102021',NULL,'ECHEC','63630014',6),(43,'2021-10-02 21:47:02',19,5,'TTEST',NULL,'Appli0102102021',NULL,'SUCCES','63630014',5),(44,'2021-10-02 21:59:32',19,7,'TTEST',NULL,'Appli0102102021',NULL,'SUCCES','63630014',7),(45,'2021-10-02 21:48:58',19,6,'TTEST',NULL,'Appli0102102021',NULL,'ECHEC','63630014',6),(46,'2021-10-02 21:47:02',19,5,'TTEST',NULL,'Appli0102102021',NULL,'SUCCES','63630014',5),(47,'2021-10-02 21:59:32',19,7,'TTEST',NULL,'Appli0102102021',NULL,'SUCCES','63630014',7),(48,'2021-10-02 21:48:58',19,6,'TTEST',NULL,'Appli0102102021',NULL,'ECHEC','63630014',6),(49,'2021-10-02 21:47:02',19,5,'TTEST',NULL,'Appli0102102021',NULL,'SUCCES','63630014',5),(50,'2021-10-03 17:50:34',19,1,'TTEST',NULL,'Appli0102102021',NULL,'SUCCES','69126070',1),(51,'2021-10-03 17:50:34',19,1,'TTEST',NULL,'Appli0102102021',NULL,'SUCCES','69126070',1),(52,'2021-10-03 17:50:34',19,1,'TTEST',NULL,'Appli0102102021',NULL,'SUCCES','69126070',1),(53,'2021-10-03 17:50:34',19,1,'TTEST',NULL,'Appli0102102021',NULL,'SUCCES','69126070',1),(54,'2021-10-03 17:50:34',19,1,'TTEST',NULL,'Appli0102102021',NULL,'SUCCES','69126070',1),(55,'2021-10-03 17:50:34',19,1,'TTEST',NULL,'Appli0102102021',NULL,'SUCCES','69126070',1),(56,'2021-10-03 17:50:34',19,1,'TTEST',NULL,'Appli0102102021',NULL,'SUCCES','69126070',1),(57,'2021-10-03 18:09:20',19,2,'TTEST',NULL,'Appli0102102021',NULL,'SUCCES','97494848',2),(58,'2021-10-03 17:50:34',19,1,'TTEST',NULL,'Appli0102102021',NULL,'SUCCES','69126070',1),(59,'2021-10-03 18:09:20',19,2,'TTEST',NULL,'Appli0102102021',NULL,'SUCCES','97494848',2),(60,'2021-10-03 17:50:34',19,1,'TTEST',NULL,'Appli0102102021',NULL,'SUCCES','69126070',1),(61,'2021-10-03 18:09:20',19,2,'TTEST',NULL,'Appli0102102021',NULL,'SUCCES','97494848',2),(62,'2021-10-03 17:50:34',19,1,'TTEST',NULL,'Appli0102102021',NULL,'SUCCES','69126070',1),(63,'2021-10-03 18:09:20',19,2,'TTEST',NULL,'Appli0102102021',NULL,'SUCCES','97494848',2),(64,'2021-10-03 17:50:34',19,1,'TTEST',NULL,'Appli0102102021',NULL,'SUCCES','69126070',1),(71,'2021-07-14 14:47:43',8,64,'TTEST',NULL,'041750ce-e473-462c-af82-99567dc25b4b','1',NULL,NULL,64),(72,'2021-10-06 11:22:28',8,1,'TTEST',NULL,'sharon',NULL,'SUCCES','94570130',1),(73,'2021-10-06 15:24:16',8,3,'TTEST',NULL,'sharon',NULL,'SUCCES','69126070',3),(74,'2021-10-06 15:38:24',8,5,'TTEST',NULL,'sharon',NULL,'SUCCES','94570130',5),(75,'2021-10-06 15:35:59',8,4,'TTEST',NULL,'sharon',NULL,'SUCCES','94570130',4),(76,'2021-10-06 16:00:48',8,7,'TTEST',NULL,'sharon',NULL,'ECHEC','69126070',7),(77,'2021-10-06 15:51:32',8,6,'TTEST',NULL,'sharon',NULL,'ECHEC','69126070',6),(78,'2021-10-06 17:03:46',21,1,'CEDRICSAS',NULL,'azertyuiop',NULL,'SUCCES','61292948',1),(79,'2021-10-06 17:05:48',21,2,'CEDRICSAS',NULL,'azertyuiop',NULL,'SUCCES','94570130',2),(80,'2021-10-06 17:07:24',21,4,'CEDRICSAS',NULL,'azertyuiop',NULL,'ECHEC','69126070',4),(81,'2021-10-06 17:07:14',21,3,'CEDRICSAS',NULL,'azertyuiop',NULL,'ECHEC','69126070',3),(82,'2021-10-06 17:08:22',21,5,'CEDRICSAS',NULL,'azertyuiop',NULL,'ECHEC','69992810',5),(83,'2021-10-06 17:09:24',21,6,'CEDRICSAS',NULL,'azertyuiop',NULL,'ECHEC','99406634',6),(84,'2021-10-06 17:10:06',21,7,'CEDRICSAS',NULL,'azertyuiop',NULL,'ECHEC','69992810',7),(85,'2021-10-06 17:11:53',21,8,'CEDRICSAS',NULL,'azertyuiop',NULL,'SUCCES','94570130',8),(86,'2021-10-06 17:13:01',21,9,'CEDRICSAS',NULL,'azertyuiop',NULL,'SUCCES','94570130',9),(87,'2021-10-06 17:13:46',21,10,'CEDRICSAS',NULL,'azertyuiop',NULL,'SUCCES','94570130',10),(88,'2021-10-06 18:28:20',8,8,'TTEST',NULL,'sharon',NULL,'SUCCES','69126070',8),(89,'2021-10-06 18:34:39',8,9,'TTEST',NULL,'sharon',NULL,'SUCCES','94570130',9),(90,'2021-10-06 18:52:22',8,12,'TTEST',NULL,'sharon',NULL,'SUCCES','94570130',12),(91,'2021-10-06 18:49:16',8,11,'TTEST',NULL,'sharon',NULL,'ECHEC','69126070',11),(92,'2021-10-06 18:41:55',8,10,'TTEST',NULL,'sharon',NULL,'ECHEC','69126070',10),(93,'2021-10-06 19:14:34',8,13,'TTEST',NULL,'sharon',NULL,'SUCCES','69126070',13),(94,'2021-10-06 19:28:34',8,17,'TTEST',NULL,'sharon',NULL,'ECHEC','94570130',17),(95,'2021-10-06 19:22:20',8,16,'TTEST',NULL,'sharon',NULL,'ECHEC','94570130',16),(96,'2021-10-06 19:21:21',8,15,'TTEST',NULL,'sharon',NULL,'SUCCES','69126070',15),(97,'2021-10-06 19:20:03',8,14,'TTEST',NULL,'sharon',NULL,'SUCCES','69126070',14),(98,'2021-10-06 19:43:13',8,19,'TTEST',NULL,'sharon',NULL,'SUCCES','94570130',19),(99,'2021-10-06 19:36:53',8,18,'TTEST',NULL,'sharon',NULL,'ECHEC','94570130',18),(100,'2021-10-07 21:46:36',24,1,'PIERRICKSAS',NULL,'PIERRICK1',NULL,'SUCCES','91961111',1),(101,'2021-10-07 22:03:03',24,2,'PIERRICKSAS',NULL,'PIERRICK1',NULL,'SUCCES','63630014',2),(102,'2021-10-07 22:18:51',24,3,'PIERRICKSAS',NULL,'PIERRICK1',NULL,'ECHEC','97494848',3),(103,'2021-10-10 14:35:26',8,21,'TTEST',NULL,'sharon',NULL,'SUCCES','60576698',21),(104,'2021-10-10 14:32:24',8,20,'TTEST',NULL,'sharon',NULL,'SUCCES','60576698',20),(105,'2021-10-10 15:17:29',8,22,'TTEST',NULL,'sharon',NULL,'SUCCES','60576698',22);
/*!40000 ALTER TABLE `user_operations` ENABLE KEYS */;
UNLOCK TABLES;

--
-- Table structure for table `users`
--

DROP TABLE IF EXISTS `users`;
/*!40101 SET @saved_cs_client     = @@character_set_client */;
/*!40101 SET character_set_client = utf8 */;
CREATE TABLE `users` (
  `user_id` int(11) NOT NULL AUTO_INCREMENT,
  `firstname` varchar(100) DEFAULT NULL,
  `lastname` varchar(100) DEFAULT NULL,
  `email` varchar(100) DEFAULT NULL,
  `phone_number` varchar(100) DEFAULT NULL,
  `encrypted_password` varchar(100) DEFAULT NULL,
  `hash` varchar(100) DEFAULT NULL,
  `creation_date` datetime DEFAULT NULL,
  `last_update_date` datetime DEFAULT NULL,
  `address_id` int(11) NOT NULL,
  `company_id` int(11) NOT NULL,
  `is_active_flag` tinyint(1) DEFAULT NULL,
  `active_date_from` date DEFAULT NULL,
  `active_date_to` date DEFAULT NULL,
  `is_manager` tinyint(1) DEFAULT NULL,
  `company_token` varchar(105) DEFAULT NULL,
  `application_uuid` varchar(105) DEFAULT NULL,
  `data_version` varchar(105) DEFAULT NULL,
  `licence_id` int(11) DEFAULT NULL,
  PRIMARY KEY (`user_id`),
  KEY `fk_users_addresses1_idx` (`address_id`),
  KEY `fk_users_companies1_idx` (`company_id`),
  CONSTRAINT `fk_users_addresses1` FOREIGN KEY (`address_id`) REFERENCES `addresses` (`address_id`),
  CONSTRAINT `fk_users_companies1` FOREIGN KEY (`company_id`) REFERENCES `companies` (`company_id`)
) ENGINE=InnoDB AUTO_INCREMENT=25 DEFAULT CHARSET=utf8;
/*!40101 SET character_set_client = @saved_cs_client */;

--
-- Dumping data for table `users`
--

LOCK TABLES `users` WRITE;
/*!40000 ALTER TABLE `users` DISABLE KEYS */;
INSERT INTO `users` VALUES (1,'AROUNA','Hafiz','test@test.com','66152976','$2y$10$OIEiX7O6f5Sie5i.zDclnexoqJI.W89xPxxOEovStEpcE/U0Wbdpa','0cbc6611f5540bd0809a388dc95a615b','2021-08-16 21:21:00',NULL,1,2,1,'2021-08-16','2021-08-27',0,'TEST08072021','041750ce-e473-462c-af82-99567dc25b4b','1',NULL),(2,'BAKARI','Mariama So Arouna','','0666265571','$2y$10$/nssyIy7Z7OqAdNFj06K8urvevEk6gB3n0CxgX.kDOsqs..y/1XJi','0cbc6611f5540bd0809a388dc95a615b','2021-08-17 18:46:00',NULL,1,2,1,'2021-08-17','2021-08-20',2,'DKO',NULL,'1',NULL),(3,'DIAZ GARRIGOS','Carlos','brancom554@gmail.com','94570130','$2y$10$nyo8b1S2.9qGnlJ9fsRltO.jTCmvt.Pbh6IRyvJecXtXwqDz.OAv2','882baf28143fb700b388a87ef561a6e5','2021-09-22 23:22:00','2021-09-22 23:12:00',3,3,1,'2021-09-22','2021-10-20',1,'TTEST','carlosdiaz','1',NULL),(8,'GOLDMAN','Sharon','incnova3@gmail.com','96209396','$2y$10$ImcYGg0cKtY.wT5dFR5Nl.B1pwwGixAeAhclNGXkRmb3XAdbG7ALG','1633634660','2021-09-22 23:29:00',NULL,2,3,1,'2021-09-22','2021-10-28',0,'TTEST','sharon','1',33),(19,'ALI-YERIMA','Pierrick',NULL,'97494848','$2y$10$yt8pvQD9l3GLnWd11v95wuTt1ebI89bz23S4OUhpuBT6FdKGLDt.y','1633627401','2021-10-02 21:59:00',NULL,3,3,1,NULL,NULL,0,NULL,'Appli0102102021','1',NULL),(20,'CEDRIC','CHEDE',NULL,'63630011','$2y$10$VcbLkCW1jAzyj2h3GwZDfOpAOd8nI3Q./0OTH8aXWka/IYHjySFzq','25f9e794323b453885f5181f1b624d0b','2021-10-06 12:09:00','2021-10-06 14:12:00',5,5,1,'2021-10-06','2021-10-06',1,NULL,'','1',NULL),(21,'KOSSOU','Damien',NULL,'61292948','$2y$10$aqMAnv7tHGijL5pLAFgzJOmWp16E40ev6u1Fpfp85P1WKdurVAfie','456c3816494a33a4b404583cc54ffcb7','2021-10-06 14:49:00',NULL,5,5,1,NULL,NULL,0,NULL,'azertyuiop','1',NULL),(22,'DOEE','Johnn',NULL,'61616161','$2y$10$PxGC2mPx/5L/J8ugVmgOi.yCA7RVHrDIfdyPcrZQrKpc2wGL/cNEi','ab4f63f9ac65152575886860dde480a1','2021-10-06 16:16:00','2021-10-08 13:35:00',5,5,1,NULL,NULL,0,NULL,'azertyuiop','1',0),(23,'TESTEUR','DKO',NULL,'91961111','$2y$10$A66SMl7cDb2OmgUAnlqMc.8JtARQFRUrYTf9qBYdLQbVutXCFYjTS','25f9e794323b453885f5181f1b624d0b','2021-10-07 22:29:00','2021-10-07 22:06:00',6,6,1,'2021-10-07','2021-10-07',1,NULL,'','1',NULL),(24,'ALI YERIMA','astorn',NULL,'63630014','$2y$10$ApTHm.lWpNbwzQgiax.T0.kHK4JCVCIQkMKmFTpNsxo4//qcJC1da','1633638986','2021-10-07 22:34:00',NULL,6,6,1,NULL,NULL,0,NULL,'PIERRICK1','1',NULL);
/*!40000 ALTER TABLE `users` ENABLE KEYS */;
UNLOCK TABLES;

--
-- Table structure for table `validate_password`
--

DROP TABLE IF EXISTS `validate_password`;
/*!40101 SET @saved_cs_client     = @@character_set_client */;
/*!40101 SET character_set_client = utf8 */;
CREATE TABLE `validate_password` (
  `validate_id` int(11) NOT NULL AUTO_INCREMENT,
  `verify_code` varchar(45) DEFAULT NULL,
  `created_date` datetime NOT NULL,
  `is_used` tinyint(4) DEFAULT NULL,
  `user_id` int(11) NOT NULL,
  PRIMARY KEY (`validate_id`),
  KEY `fk_validate_password_user1_idx` (`user_id`)
) ENGINE=InnoDB AUTO_INCREMENT=74 DEFAULT CHARSET=utf8;
/*!40101 SET character_set_client = @saved_cs_client */;

--
-- Dumping data for table `validate_password`
--

LOCK TABLES `validate_password` WRITE;
/*!40000 ALTER TABLE `validate_password` DISABLE KEYS */;
INSERT INTO `validate_password` VALUES (64,'44de00','2021-10-01 00:18:00',0,3),(65,'d9e379','2021-10-01 09:19:00',0,3),(66,'31f88e','2021-10-01 15:19:00',1,3),(67,'15781','2021-10-02 20:00:00',1,19),(68,'10021','2021-10-06 16:00:00',1,21),(69,'f84fc1','2021-10-07 21:03:00',0,20),(70,'15428','2021-10-07 19:25:00',1,8),(71,'16063','2021-10-07 20:37:00',1,24),(72,'19847','2021-10-08 11:37:00',0,22),(73,'18354','2021-10-08 11:44:00',0,3);
/*!40000 ALTER TABLE `validate_password` ENABLE KEYS */;
UNLOCK TABLES;
/*!40103 SET TIME_ZONE=@OLD_TIME_ZONE */;

/*!40101 SET SQL_MODE=@OLD_SQL_MODE */;
/*!40014 SET FOREIGN_KEY_CHECKS=@OLD_FOREIGN_KEY_CHECKS */;
/*!40014 SET UNIQUE_CHECKS=@OLD_UNIQUE_CHECKS */;
/*!40101 SET CHARACTER_SET_CLIENT=@OLD_CHARACTER_SET_CLIENT */;
/*!40101 SET CHARACTER_SET_RESULTS=@OLD_CHARACTER_SET_RESULTS */;
/*!40101 SET COLLATION_CONNECTION=@OLD_COLLATION_CONNECTION */;
/*!40111 SET SQL_NOTES=@OLD_SQL_NOTES */;

-- Dump completed on 2021-10-11  8:48:04
